,rewards
0,-6.875
1,-0.0
2,-5.3125
3,-7.8125
4,-0.0
5,-0.0
6,-5.3125
7,-0.3125
8,-12.5
9,-8.4375
10,-3.125
11,-11.5625
12,-11.5625
13,-4.375
14,-3.4375
15,-9.6875
16,-2.5
17,-11.875
18,-0.0
19,-0.0
20,-12.5
21,-11.5625
22,-11.5625
23,-4.6875
24,-2.8125
25,-0.0
26,-0.0
27,-5.0
28,-12.5
29,-7.8125
30,-7.1875
31,-12.5
32,-2.5
33,-9.0625
34,-5.0
35,-1.5625
36,-3.75
37,-3.75
38,-3.75
39,-7.8125
40,-11.5625
41,-6.875
42,-7.5
43,-12.1875
44,-0.0
45,-3.125
46,-3.75
47,-1.5625
48,-1.875
49,-9.0625
50,-4.6875
51,-0.0
52,-5.0
53,-3.4375
54,-4.0625
55,-12.5
56,-0.0
57,-0.625
58,-11.875
59,-0.0
60,-2.1875
61,-0.0
62,-2.5
63,-11.5625
64,-4.0625
65,-10.625
66,-2.8125
67,-6.875
68,-3.75
69,-0.0
70,-12.1875
71,-12.5
72,-0.0
73,-11.25
74,-9.0625
75,-7.5
76,-0.9375
77,-2.1875
78,-5.3125
79,-6.25
80,-11.5625
81,-1.5625
82,-0.0
83,-5.625
84,-5.0
85,-3.75
86,-3.4375
87,-0.0
88,-6.875
89,-5.3125
90,-11.25
91,-11.5625
92,-4.0625
93,-4.375
94,-2.5
95,-4.0625
96,-0.0
97,-0.0
98,-0.3125
99,-12.1875
100,-10.625
101,-5.9375
102,-6.875
103,-3.125
104,-11.5625
105,-11.875
106,-2.8125
107,-0.0
108,-3.125
109,-8.125
110,-10.0
111,-3.75
112,-0.9375
113,-5.0
114,-0.0
115,-7.8125
116,-0.0
117,-0.0
118,-4.6875
119,-4.0625
120,-6.875
121,-4.0625
122,-12.1875
123,-0.0
124,-9.375
125,-0.0
126,-9.0625
127,-1.875
128,-8.125
129,-8.4375
130,-3.4375
131,-3.4375
132,-1.25
133,-7.8125
134,-3.75
135,-7.8125
136,-6.875
137,-4.6875
138,-7.8125
139,-0.0
140,-8.75
141,-5.9375
142,-10.3125
143,-4.0625
144,-7.1875
145,-0.0
146,-3.75
147,-4.0625
148,-5.3125
149,-2.1875
150,-12.8125
151,-0.9375
152,-7.5
153,-6.875
154,-4.375
155,-0.0
156,-2.1875
157,-4.6875
158,-0.0
159,-4.375
160,-3.75
161,-1.5625
162,-10.3125
163,-0.0
164,-11.25
165,-0.0
166,-5.0
167,-11.5625
168,-0.0
169,-2.1875
170,-4.6875
171,-6.25
172,-5.9375
173,-6.875
174,-0.0
175,-10.0
176,-2.5
177,-0.0
178,-12.1875
179,-0.0
180,-11.5625
181,-1.875
182,-2.1875
183,-9.0625
184,-11.25
185,-12.8125
186,-0.0
187,-4.375
188,-2.1875
189,-5.0
190,-2.1875
191,-1.5625
192,-11.5625
193,-2.8125
194,-4.375
195,-6.25
196,-5.3125
197,-0.0
198,-1.25
199,-0.0
200,-0.0
201,-11.5625
202,-12.5
203,-0.9375
204,-6.875
205,-1.5625
206,-1.25
207,-11.5625
208,-3.75
209,-6.875
210,-11.5625
211,-6.25
212,-4.0625
213,-4.6875
214,-0.0
215,-5.9375
216,-6.875
217,-2.8125
218,-12.1875
219,-2.1875
220,-0.0
221,-2.5
222,-0.0
223,-7.1875
224,-6.25
225,-8.75
226,-12.1875
227,-3.125
228,-0.0
229,-6.25
230,-2.8125
231,-7.8125
232,-0.0
233,-9.0625
234,-11.25
235,-0.0
236,-3.75
237,-2.5
238,-3.125
239,-6.875
240,-5.3125
241,-1.875
242,-6.875
243,-3.125
244,-2.8125
245,-4.375
246,-0.0
247,-0.0
248,-0.0
249,-0.0
250,-4.0625
251,-7.1875
252,-6.25
253,-3.4375
254,-10.0
255,-7.5
256,-10.0
257,-0.0
258,-5.9375
259,-1.5625
260,-0.0
261,-8.125
262,-5.9375
263,-3.125
264,-12.8125
265,-0.0
266,-6.875
267,-6.25
268,-0.0
269,-0.0
270,-9.0625
271,-0.0
272,-0.3125
273,-5.9375
274,-9.0625
275,-5.0
276,-7.8125
277,-0.0
278,-0.0
279,-1.875
280,-5.625
281,-11.5625
282,-5.9375
283,-9.375
284,-0.0
285,-7.1875
286,-0.625
287,-2.1875
288,-2.8125
289,-7.5
290,-12.5
291,-2.1875
292,-0.0
293,-2.8125
294,-2.5
295,-3.75
296,-6.875
297,-11.5625
298,-0.9375
299,-2.5
300,-4.6875
301,-0.0
302,-11.875
303,-5.9375
304,-2.5
305,-4.6875
306,-9.375
307,-8.125
308,-2.5
309,-0.625
310,-0.0
311,-4.6875
312,-0.0
313,-7.1875
314,-10.3125
315,-7.8125
316,-0.0
317,-0.0
318,-1.25
319,-6.5625
320,-4.6875
321,-5.0
322,-4.6875
323,-7.1875
324,-3.75
325,-8.75
326,-0.0
327,-4.375
328,-6.5625
329,-2.8125
330,-11.25
331,-0.0
332,-3.75
333,-0.0
334,-2.8125
335,-2.8125
336,-12.1875
337,-2.1875
338,-1.875
339,-12.1875
340,-0.0
341,-1.875
342,-2.1875
343,-0.0
344,-6.875
345,-0.0
346,-11.5625
347,-7.1875
348,-10.9375
349,-0.0
350,-3.75
351,-0.0
352,-3.4375
353,-0.625
354,-1.875
355,-0.9375
356,-2.5
357,-12.5
358,-4.0625
359,-4.375
360,-3.75
361,-0.0
362,-0.0
363,-11.25
364,-4.0625
365,-0.0
366,-6.25
367,-5.0
368,-2.8125
369,-4.0625
370,-3.75
371,-10.0
372,-1.875
373,-3.75
374,-12.8125
375,-0.0
376,-2.8125
377,-3.125
378,-0.0
379,-7.5
380,-1.875
381,-7.5
382,-11.5625
383,-9.0625
384,-9.0625
385,-0.0
386,-2.5
387,-7.1875
388,-0.9375
389,-0.0
390,-6.875
391,-5.0
392,-12.1875
393,-0.0
394,-1.875
395,-3.125
396,-1.875
397,-4.0625
398,-2.8125
399,-7.8125
400,-2.1875
401,-4.6875
402,-0.0
403,-0.0
404,-4.0625
405,-0.0
406,-8.4375
407,-2.1875
408,-0.0
409,-5.625
410,-5.3125
411,-1.5625
412,-11.5625
413,-7.1875
414,-11.875
415,-11.5625
416,-0.0
417,-1.875
418,-1.875
419,-0.0
420,-4.6875
421,-5.9375
422,-9.0625
423,-11.5625
424,-0.0
425,-0.625
426,-3.75
427,-3.4375
428,-5.625
429,-12.1875
430,-3.125
431,-5.3125
432,-0.0
433,-2.1875
434,-8.75
435,-0.0
436,-4.375
437,-5.0
438,-2.1875
439,-5.9375
440,-1.25
441,-3.75
442,-6.875
443,-9.375
444,-11.5625
445,-0.0
446,-3.125
447,-3.75
448,-0.0
449,-7.8125
450,-2.8125
451,-1.875
452,-12.1875
453,-3.125
454,-5.0
455,-9.0625
456,-0.0
457,-9.0625
458,-1.875
459,-0.0
460,-4.375
461,-0.0
462,-8.75
463,-7.1875
464,-3.75
465,-10.3125
466,-0.9375
467,-6.25
468,-0.0
469,-6.875
470,-7.8125
471,-1.875
472,-2.5
473,-0.0
474,-0.9375
475,-6.25
476,-6.25
477,-8.125
478,-4.375
479,-0.0
480,-3.75
481,-2.5
482,-0.0
483,-2.1875
484,-4.6875
485,-1.5625
486,-4.0625
487,-3.125
488,-12.1875
489,-0.0
490,-2.8125
491,-5.3125
492,-2.8125
493,-7.8125
494,-0.0
495,-2.5
496,-7.1875
497,-0.0
498,-6.5625
499,-11.5625
500,-0.0
501,-10.0
502,-0.0
503,-4.0625
504,-8.75
505,-2.8125
506,-11.5625
507,-0.0
508,-1.5625
509,-2.8125
510,-2.5
511,-2.8125
512,-5.3125
513,-3.125
514,-3.75
515,-1.5625
516,-4.6875
517,-0.0
518,-6.875
519,-3.75
520,-9.0625
521,-4.375
522,-0.0
523,-6.5625
524,-1.25
525,-4.6875
526,-11.5625
527,-4.6875
528,-12.1875
529,-3.4375
530,-4.0625
531,-4.0625
532,-0.0
533,-3.75
534,-8.75
535,-6.5625
536,-0.3125
537,-6.25
538,-1.5625
539,-0.0
540,-2.5
541,-1.5625
542,-11.5625
543,-12.1875
544,-1.875
545,-5.625
546,-4.0625
547,-1.875
548,-4.0625
549,-0.0
550,-7.1875
551,-5.0
552,-11.875
553,-11.5625
554,-0.9375
555,-2.8125
556,-2.1875
557,-2.8125
558,-8.125
559,-0.625
560,-8.75
561,-0.9375
562,-0.0
563,-7.1875
564,-2.8125
565,-12.5
566,-7.1875
567,-0.0
568,-11.25
569,-3.125
570,-3.4375
571,-10.9375
572,-3.4375
573,-7.1875
574,-6.5625
575,-0.0
576,-2.8125
577,-3.4375
578,-0.0
579,-11.5625
580,-0.0
581,-0.0
582,-0.3125
583,-1.25
584,-4.0625
585,-7.8125
586,-11.5625
587,-0.3125
588,-8.4375
589,-0.3125
590,-1.5625
591,-11.5625
592,-0.0
593,-11.5625
594,-3.125
595,-2.8125
596,-2.8125
597,-2.1875
598,-8.125
599,-4.0625
600,-5.3125
601,-5.625
602,-3.125
603,-2.1875
604,-11.875
605,-6.25
606,-0.0
607,-7.1875
608,-0.0
609,-1.5625
610,-12.1875
611,-7.1875
612,-12.5
613,-4.375
614,-0.9375
615,-2.1875
616,-4.375
617,-12.1875
618,-5.3125
619,-8.4375
620,-7.8125
621,-2.8125
622,-3.75
623,-2.1875
624,-0.0
625,-7.1875
626,-4.6875
627,-7.5
628,-11.25
629,-1.875
630,-1.25
631,-5.625
632,-1.875
633,-3.4375
634,-6.875
635,-0.9375
636,-9.0625
637,-4.0625
638,-0.0
639,-5.0
640,-0.0
641,-8.125
642,-11.875
643,-0.0
644,-4.0625
645,-5.625
646,-0.0
647,-12.1875
648,-6.5625
649,-3.4375
650,-0.0
651,-2.5
652,-5.3125
653,-4.0625
654,-0.0
655,-7.1875
656,-0.0
657,-6.25
658,-2.5
659,-0.0
660,-12.5
661,-4.6875
662,-7.1875
663,-7.8125
664,-4.6875
665,-1.25
666,-0.0
667,-3.4375
668,-6.875
669,-7.1875
670,-5.9375
671,-3.4375
672,-0.9375
673,-0.0
674,-5.0
675,-7.5
676,-11.5625
677,-0.0
678,-1.875
679,-3.125
680,-0.0
681,-1.875
682,-11.5625
683,-3.125
684,-7.1875
685,-9.0625
686,-0.0
687,-11.5625
688,-2.8125
689,-5.3125
690,-0.0
691,-0.9375
692,-7.8125
693,-3.4375
694,-1.875
695,-7.1875
696,-0.0
697,-6.25
698,-0.0
699,-1.875
700,-8.4375
701,-12.8125
702,-3.4375
703,-7.1875
704,-0.0
705,-3.75
706,-2.5
707,-3.125
708,-7.8125
709,-9.0625
710,-12.5
711,-3.75
712,-5.0
713,-5.9375
714,-4.0625
715,-6.25
716,-3.75
717,-0.0
718,-1.25
719,-0.0
720,-4.0625
721,-7.1875
722,-11.25
723,-6.875
724,-3.4375
725,-4.375
726,-3.125
727,-2.8125
728,-5.0
729,-1.875
730,-3.4375
731,-7.1875
732,-2.1875
733,-5.625
734,-0.0
735,-6.5625
736,-6.875
737,-0.0
738,-0.625
739,-5.3125
740,-4.375
741,-8.75
742,-12.5
743,-4.0625
744,-5.625
745,-3.4375
746,-8.125
747,-2.5
748,-0.0
749,-0.9375
750,-6.875
751,-4.375
752,-2.8125
753,-4.0625
754,-6.875
755,-0.0
756,-4.6875
757,-5.3125
758,-0.0
759,-6.875
760,-11.5625
761,-3.4375
762,-11.5625
763,-6.5625
764,-0.9375
765,-4.375
766,-0.0
767,-0.0
768,-0.0
769,-6.875
770,-11.5625
771,-0.9375
772,-0.3125
773,-0.9375
774,-0.0
775,-8.75
776,-7.1875
777,-7.5
778,-6.875
779,-2.8125
780,-6.875
781,-0.0
782,-1.5625
783,-7.1875
784,-9.0625
785,-11.5625
786,-2.5
787,-8.75
788,-0.0
789,-0.625
790,-2.8125
791,-2.5
792,-3.125
793,-2.1875
794,-6.25
795,-1.5625
796,-5.0
797,-4.0625
798,-0.0
799,-6.875
800,-3.4375
801,-0.0
802,-12.8125
803,-0.0
804,-2.1875
805,-0.0
806,-4.375
807,-4.375
808,-4.0625
809,-6.875
810,-5.0
811,-6.25
812,-4.0625
813,-0.3125
814,-0.0
815,-0.0
816,-0.0
817,-0.3125
818,-8.75
819,-5.3125
820,-3.125
821,-5.3125
822,-2.1875
823,-0.9375
824,-1.25
825,-3.75
826,-2.1875
827,-2.8125
828,-4.0625
829,-2.5
830,-2.5
831,-0.0
832,-4.6875
833,-3.4375
834,-8.125
835,-5.9375
836,-3.4375
837,-3.4375
838,-4.6875
839,-0.0
840,-6.875
841,-1.875
842,-10.625
843,-7.5
844,-0.0
845,-2.1875
846,-8.125
847,-0.625
848,-11.5625
849,-3.75
850,-6.25
851,-0.0
852,-2.5
853,-0.0
854,-2.5
855,-11.875
856,-0.0
857,-8.125
858,-6.25
859,-3.75
860,-6.875
861,-2.5
862,-1.5625
863,-0.0
864,-0.0
865,-5.9375
866,-0.0
867,-7.1875
868,-0.0
869,-1.875
870,-0.0
871,-0.0
872,-3.125
873,-3.4375
874,-12.1875
875,-7.8125
876,-0.0
877,-2.8125
878,-0.0
879,-2.1875
880,-10.3125
881,-12.8125
882,-5.3125
883,-3.75
884,-0.0
885,-2.8125
886,-9.6875
887,-3.125
888,-3.125
889,-5.625
890,-1.25
891,-4.0625
892,-7.5
893,-4.0625
894,-6.25
895,-0.0
896,-0.0
897,-2.8125
898,-0.0
899,-10.9375
900,-8.75
901,-0.0
902,-5.0
903,-0.0
904,-7.1875
905,-9.0625
906,-2.1875
907,-9.375
908,-5.3125
909,-3.75
910,-7.5
911,-2.8125
912,-0.0
913,-3.4375
914,-10.0
915,-2.8125
916,-5.625
917,-0.0
918,-4.0625
919,-6.5625
920,-1.875
921,-7.1875
922,-0.0
923,-2.5
924,-2.5
925,-0.0
926,-5.0
927,-11.875
928,-3.125
929,-7.8125
930,-0.0
931,-5.3125
932,-0.0
933,-3.4375
934,-7.1875
935,-8.125
936,-6.875
937,-7.8125
938,-0.0
939,-3.4375
940,-5.3125
941,-0.0
942,-10.625
943,-6.875
944,-3.75
945,-0.625
946,-0.0
947,-0.0
948,-7.1875
949,-1.5625
950,-7.5
951,-0.3125
952,-3.4375
953,-6.875
954,-1.5625
955,-10.3125
956,-5.3125
957,-1.875
958,-2.8125
959,-2.8125
960,-2.8125
961,-4.6875
962,-6.5625
963,-3.4375
964,-10.0
965,-0.0
966,-5.0
967,-0.0
968,-2.8125
969,-9.375
970,-6.25
971,-11.875
972,-1.5625
973,-5.625
974,-0.0
975,-0.0
976,-2.8125
977,-0.0
978,-7.8125
979,-1.5625
980,-2.1875
981,-8.4375
982,-3.4375
983,-3.75
984,-11.5625
985,-3.125
986,-5.625
987,-0.0
988,-6.5625
989,-6.25
990,-0.0
991,-9.6875
992,-4.6875
993,-5.9375
994,-2.1875
995,-12.5
996,-3.75
997,-5.0
998,-7.8125
999,-2.1875
1000,-2.1875
1001,-0.0
1002,-5.625
1003,-6.5625
1004,-0.625
1005,-4.6875
1006,-4.0625
1007,-3.75
1008,-1.875
1009,-5.3125
1010,-5.9375
1011,-3.125
1012,-6.875
1013,-3.125
1014,-2.8125
1015,-1.875
1016,-5.0
1017,-5.0
1018,-9.0625
1019,-4.6875
1020,-7.5
1021,-3.125
1022,-6.25
1023,-2.1875
1024,-6.875
1025,-0.0
1026,-9.0625
1027,-2.5
1028,-1.25
1029,-8.125
1030,-4.0625
1031,-8.75
1032,-1.875
1033,-2.1875
1034,-3.125
1035,-1.875
1036,-9.0625
1037,-5.0
1038,-0.0
1039,-2.5
1040,-0.0
1041,-2.5
1042,-3.4375
1043,-3.125
1044,-6.25
1045,-5.0
1046,-0.0
1047,-0.0
1048,-2.8125
1049,-0.0
1050,-3.4375
1051,-11.25
1052,-5.0
1053,-2.5
1054,-1.5625
1055,-3.4375
1056,-3.4375
1057,-4.0625
1058,-3.75
1059,-2.8125
1060,-5.625
1061,-0.0
1062,-0.0
1063,-6.25
1064,-3.4375
1065,-0.9375
1066,-11.5625
1067,-0.0
1068,-11.5625
1069,-4.0625
1070,-0.0
1071,-6.875
1072,-0.0
1073,-2.1875
1074,-6.875
1075,-1.25
1076,-8.125
1077,-0.0
1078,-0.0
1079,-4.6875
1080,-0.0
1081,-0.9375
1082,-12.1875
1083,-3.125
1084,-11.5625
1085,-4.0625
1086,-2.1875
1087,-8.4375
1088,-6.25
1089,-5.3125
1090,-3.4375
1091,-0.0
1092,-0.0
1093,-0.0
1094,-4.375
1095,-5.0
1096,-11.5625
1097,-1.875
1098,-0.0
1099,-3.4375
1100,-1.25
1101,-5.9375
1102,-5.625
1103,-4.0625
1104,-6.25
1105,-4.0625
1106,-0.0
1107,-3.75
1108,-0.0
1109,-2.8125
1110,-5.9375
1111,-4.0625
1112,-12.5
1113,-6.5625
1114,-0.0
1115,-3.125
1116,-3.75
1117,-5.0
1118,-6.875
1119,-0.9375
1120,-2.5
1121,-5.625
1122,-3.75
1123,-9.0625
1124,-4.0625
1125,-0.0
1126,-9.375
1127,-0.0
1128,-4.6875
1129,-4.6875
1130,-0.0
1131,-6.25
1132,-9.0625
1133,-0.0
1134,-4.375
1135,-2.5
1136,-0.0
1137,-9.0625
1138,-0.0
1139,-6.25
1140,-2.5
1141,-1.5625
1142,-6.875
1143,-1.5625
1144,-1.5625
1145,-0.0
1146,-0.0
1147,-5.3125
1148,-5.0
1149,-11.5625
1150,-1.5625
1151,-3.125
1152,-0.0
1153,-2.1875
1154,-9.0625
1155,-0.3125
1156,-10.3125
1157,-2.5
1158,-0.0
1159,-7.1875
1160,-0.0
1161,-4.6875
1162,-0.9375
1163,-3.125
1164,-7.5
1165,-4.375
1166,-10.0
1167,-5.625
1168,-3.4375
1169,-3.75
1170,-3.4375
1171,-0.9375
1172,-2.1875
1173,-5.0
1174,-1.5625
1175,-4.375
1176,-0.3125
1177,-0.0
1178,-12.5
1179,-4.0625
1180,-5.0
1181,-9.0625
1182,-2.8125
1183,-2.8125
1184,-4.375
1185,-2.1875
1186,-6.5625
1187,-10.3125
1188,-0.0
1189,-3.125
1190,-2.1875
1191,-3.125
1192,-10.0
1193,-0.0
1194,-10.0
1195,-8.125
1196,-0.9375
1197,-7.1875
1198,-3.125
1199,-3.125
1200,-11.875
1201,-0.0
1202,-0.0
1203,-4.375
1204,-2.1875
1205,-7.8125
1206,-0.0
1207,-8.125
1208,-5.0
1209,-0.0
1210,-2.8125
1211,-2.5
1212,-2.5
1213,-2.1875
1214,-7.1875
1215,-5.9375
1216,-5.625
1217,-7.5
1218,-0.0
1219,-1.5625
1220,-2.8125
1221,-2.5
1222,-6.875
1223,-8.75
1224,-4.6875
1225,-4.6875
1226,-2.8125
1227,-8.125
1228,-1.25
1229,-3.125
1230,-1.5625
1231,-5.0
1232,-2.8125
1233,-2.5
1234,-7.8125
1235,-5.0
1236,-0.625
1237,-6.875
1238,-0.0
1239,-3.125
1240,-7.1875
1241,-0.0
1242,-9.0625
1243,-5.9375
1244,-3.4375
1245,-3.75
1246,-3.125
1247,-0.0
1248,-0.0
1249,-6.875
1250,-3.75
1251,-4.6875
1252,-11.25
1253,-0.0
1254,-0.625
1255,-5.625
1256,-2.8125
1257,-4.0625
1258,-0.0
1259,-2.1875
1260,-5.3125
1261,-3.125
1262,-3.125
1263,-9.0625
1264,-3.4375
1265,-0.3125
1266,-5.9375
1267,-2.1875
1268,-2.5
1269,-3.4375
1270,-0.0
1271,-5.9375
1272,-4.375
1273,-3.4375
1274,-11.5625
1275,-3.4375
1276,-2.1875
1277,-1.875
1278,-2.5
1279,-1.875
1280,-8.125
1281,-3.4375
1282,-6.875
1283,-11.25
1284,-0.0
1285,-3.75
1286,-1.875
1287,-0.0
1288,-12.1875
1289,-0.625
1290,-2.5
1291,-9.375
1292,-0.0
1293,-7.1875
1294,-8.125
1295,-2.8125
1296,-6.875
1297,-4.0625
1298,-2.5
1299,-4.0625
1300,-0.0
1301,-3.125
1302,-3.75
1303,-2.5
1304,-7.5
1305,-10.625
1306,-0.625
1307,-2.5
1308,-0.0
1309,-1.875
1310,-11.5625
1311,-8.125
1312,-7.8125
1313,-7.5
1314,-1.875
1315,-0.0
1316,-3.125
1317,-2.1875
1318,-6.5625
1319,-12.1875
1320,-2.5
1321,-0.0
1322,-3.4375
1323,-0.0
1324,-1.875
1325,-12.1875
1326,-2.1875
1327,-5.0
1328,-6.875
1329,-0.0
1330,-8.4375
1331,-1.5625
1332,-2.5
1333,-8.4375
1334,-3.75
1335,-2.1875
1336,-3.125
1337,-0.0
1338,-3.4375
1339,-0.625
1340,-1.875
1341,-1.875
1342,-5.3125
1343,-9.0625
1344,-4.0625
1345,-9.0625
1346,-3.75
1347,-2.8125
1348,-4.375
1349,-1.875
1350,-5.0
1351,-0.9375
1352,-0.0
1353,-1.875
1354,-3.4375
1355,-7.1875
1356,-7.1875
1357,-2.1875
1358,-0.0
1359,-5.0
1360,-2.8125
1361,-0.0
1362,-8.125
1363,-0.0
1364,-5.0
1365,-5.0
1366,-5.0
1367,-0.0
1368,-0.0
1369,-3.75
1370,-3.75
1371,-6.25
1372,-5.0
1373,-0.0
1374,-3.125
1375,-2.1875
1376,-3.4375
1377,-7.1875
1378,-2.1875
1379,-3.75
1380,-1.5625
1381,-3.4375
1382,-3.125
1383,-3.75
1384,-5.625
1385,-1.25
1386,-2.1875
1387,-2.5
1388,-3.125
1389,-4.6875
1390,-0.625
1391,-1.5625
1392,-2.5
1393,-4.0625
1394,-2.1875
1395,-5.0
1396,-3.4375
1397,-3.125
1398,-2.8125
1399,-4.0625
1400,-5.3125
1401,-4.6875
1402,-3.4375
1403,-5.3125
1404,-3.75
1405,-3.125
1406,-2.1875
1407,-3.4375
1408,-5.3125
1409,-2.8125
1410,-4.6875
1411,-5.625
1412,-2.1875
1413,-1.875
1414,-1.5625
1415,-2.1875
1416,-2.1875
1417,-1.25
1418,-2.5
1419,-7.8125
1420,-3.125
1421,-6.875
1422,-1.875
1423,-3.125
1424,-5.3125
1425,-0.0
1426,-5.0
1427,-1.875
1428,-1.5625
1429,-2.5
1430,-0.625
1431,-1.875
1432,-9.375
1433,-6.25
1434,-7.1875
1435,-2.8125
1436,-0.0
1437,-0.0
1438,-2.1875
1439,-1.875
1440,-9.0625
1441,-1.875
1442,-0.0
1443,-6.25
1444,-1.875
1445,-7.8125
1446,-10.9375
1447,-0.0
1448,-2.5
1449,-3.125
1450,-0.0
1451,-11.25
1452,-1.5625
1453,-4.375
1454,-0.9375
1455,-0.0
1456,-2.5
1457,-2.5
1458,-8.75
1459,-10.625
1460,-3.4375
1461,-1.875
1462,-3.75
1463,-2.1875
1464,-4.375
1465,-8.75
1466,-2.5
1467,-5.625
1468,-1.875
1469,-2.5
1470,-2.1875
1471,-1.25
1472,-4.6875
1473,-4.0625
1474,-5.0
1475,-4.0625
1476,-1.875
1477,-4.6875
1478,-0.0
1479,-3.125
1480,-3.75
1481,-3.4375
1482,-10.9375
1483,-4.375
1484,-1.875
1485,-2.5
1486,-2.5
1487,-1.875
1488,-7.1875
1489,-5.3125
1490,-2.5
1491,-4.0625
1492,-0.9375
1493,-1.875
1494,-4.6875
1495,-1.875
1496,-1.5625
1497,-5.3125
1498,-3.75
1499,-6.875
1500,-0.3125
1501,-1.875
1502,-3.125
1503,-2.8125
1504,-5.9375
1505,-4.0625
1506,-0.0
1507,-4.375
1508,-1.5625
1509,-3.125
1510,-1.875
1511,-1.25
1512,-2.8125
1513,-2.8125
1514,-2.1875
1515,-1.25
1516,-3.125
1517,-0.0
1518,-3.125
1519,-0.0
1520,-3.4375
1521,-0.0
1522,-5.3125
1523,-0.0
1524,-1.875
1525,-5.3125
1526,-3.125
1527,-5.0
1528,-4.375
1529,-1.875
1530,-0.625
1531,-3.75
1532,-3.4375
1533,-11.5625
1534,-1.25
1535,-3.75
1536,-4.0625
1537,-2.5
1538,-9.0625
1539,-3.4375
1540,-5.0
1541,-4.0625
1542,-0.0
1543,-4.0625
1544,-1.875
1545,-0.0
1546,-3.75
1547,-0.0
1548,-3.125
1549,-7.1875
1550,-6.25
1551,-9.6875
1552,-2.5
1553,-3.4375
1554,-1.875
1555,-2.5
1556,-4.6875
1557,-5.9375
1558,-5.0
1559,-8.125
1560,-2.5
1561,-0.0
1562,-1.5625
1563,-2.5
1564,-5.9375
1565,-7.8125
1566,-0.0
1567,-6.25
1568,-1.875
1569,-1.875
1570,-2.8125
1571,-4.6875
1572,-3.125
1573,-7.1875
1574,-2.5
1575,-0.0
1576,-6.25
1577,-3.125
1578,-0.0
1579,-8.75
1580,-3.4375
1581,-0.0
1582,-2.1875
1583,-7.1875
1584,-7.1875
1585,-0.9375
1586,-2.8125
1587,-0.0
1588,-11.5625
1589,-2.8125
1590,-2.1875
1591,-7.5
1592,-5.0
1593,-0.0
1594,-2.5
1595,-0.0
1596,-3.4375
1597,-5.0
1598,-2.5
1599,-3.125
1600,-3.75
1601,-0.0
1602,-0.9375
1603,-1.875
1604,-3.75
1605,-5.3125
1606,-5.9375
1607,-1.25
1608,-3.75
1609,-4.0625
1610,-3.75
1611,-9.0625
1612,-3.125
1613,-1.875
1614,-3.75
1615,-2.1875
1616,-5.0
1617,-5.0
1618,-1.25
1619,-9.0625
1620,-3.4375
1621,-3.75
1622,-4.6875
1623,-0.0
1624,-2.8125
1625,-2.8125
1626,-2.5
1627,-6.875
1628,-3.4375
1629,-2.5
1630,-8.4375
1631,-3.125
1632,-2.5
1633,-8.75
1634,-4.6875
1635,-11.5625
1636,-0.0
1637,-6.875
1638,-2.1875
1639,-0.0
1640,-12.1875
1641,-0.0
1642,-2.8125
1643,-0.9375
1644,-0.0
1645,-2.8125
1646,-2.1875
1647,-7.8125
1648,-6.5625
1649,-0.625
1650,-3.125
1651,-0.0
1652,-3.75
1653,-3.125
1654,-3.4375
1655,-5.0
1656,-5.0
1657,-2.1875
1658,-2.8125
1659,-2.5
1660,-2.5
1661,-4.6875
1662,-2.8125
1663,-11.5625
1664,-1.875
1665,-0.0
1666,-2.8125
1667,-0.0
1668,-1.25
1669,-10.0
1670,-4.0625
1671,-12.1875
1672,-2.5
1673,-2.5
1674,-3.75
1675,-1.5625
1676,-2.8125
1677,-5.0
1678,-4.375
1679,-4.0625
1680,-0.9375
1681,-2.8125
1682,-3.75
1683,-2.8125
1684,-2.8125
1685,-3.4375
1686,-1.875
1687,-2.1875
1688,-0.0
1689,-4.6875
1690,-4.6875
1691,-0.3125
1692,-1.875
1693,-1.875
1694,-2.1875
1695,-1.5625
1696,-5.3125
1697,-5.9375
1698,-1.25
1699,-4.6875
1700,-3.125
1701,-0.0
1702,-2.8125
1703,-3.4375
1704,-5.3125
1705,-2.8125
1706,-0.0
1707,-0.0
1708,-4.6875
1709,-7.5
1710,-0.0
1711,-5.0
1712,-4.0625
1713,-2.1875
1714,-7.8125
1715,-3.75
1716,-0.0
1717,-1.25
1718,-0.0
1719,-2.5
1720,-9.0625
1721,-6.5625
1722,-12.5
1723,-6.25
1724,-3.4375
1725,-1.5625
1726,-0.0
1727,-3.125
1728,-3.125
1729,-9.0625
1730,-12.1875
1731,-8.4375
1732,-1.5625
1733,-1.5625
1734,-1.875
1735,-3.125
1736,-2.5
1737,-4.375
1738,-3.125
1739,-10.625
1740,-6.5625
1741,-3.75
1742,-4.0625
1743,-2.1875
1744,-1.875
1745,-4.375
1746,-3.125
1747,-1.5625
1748,-6.25
1749,-6.25
1750,-4.6875
1751,-5.3125
1752,-2.1875
1753,-0.9375
1754,-0.9375
1755,-3.75
1756,-3.4375
1757,-4.375
1758,-0.625
1759,-0.9375
1760,-2.5
1761,-4.0625
1762,-4.375
1763,-7.8125
1764,-0.3125
1765,-2.5
1766,-4.6875
1767,-1.5625
1768,-9.0625
1769,-4.375
1770,-3.75
1771,-9.375
1772,-3.125
1773,-4.0625
1774,-0.0
1775,-1.5625
1776,-3.75
1777,-3.125
1778,-2.8125
1779,-3.4375
1780,-1.875
1781,-0.0
1782,-2.5
1783,-3.75
1784,-9.0625
1785,-7.8125
1786,-0.0
1787,-4.6875
1788,-1.875
1789,-0.0
1790,-7.8125
1791,-0.0
1792,-12.1875
1793,-0.9375
1794,-0.0
1795,-5.0
1796,-3.75
1797,-0.0
1798,-0.0
1799,-0.0
1800,-5.0
1801,-5.0
1802,-7.1875
1803,-3.4375
1804,-1.25
1805,-3.125
1806,-1.5625
1807,-5.0
1808,-5.0
1809,-1.25
1810,-0.625
1811,-0.0
1812,-4.375
1813,-2.5
1814,-0.0
1815,-7.8125
1816,-4.0625
1817,-1.875
1818,-12.5
1819,-2.1875
1820,-2.5
1821,-3.75
1822,-2.8125
1823,-0.0
1824,-6.5625
1825,-2.5
1826,-2.5
1827,-9.6875
1828,-3.125
1829,-2.5
1830,-4.0625
1831,-2.1875
1832,-2.5
1833,-2.8125
1834,-2.8125
1835,-2.5
1836,-4.0625
1837,-12.5
1838,-3.4375
1839,-3.75
1840,-1.5625
1841,-7.8125
1842,-3.125
1843,-0.0
1844,-8.75
1845,-2.5
1846,-1.875
1847,-6.875
1848,-2.8125
1849,-2.5
1850,-1.25
1851,-0.0
1852,-0.0
1853,-1.5625
1854,-5.625
1855,-12.1875
1856,-6.25
1857,-5.0
1858,-0.0
1859,-0.625
1860,-0.0
1861,-2.8125
1862,-5.3125
1863,-0.3125
1864,-6.875
1865,-3.125
1866,-0.0
1867,-12.1875
1868,-2.8125
1869,-1.5625
1870,-5.9375
1871,-2.5
1872,-3.4375
1873,-1.875
1874,-2.1875
1875,-2.5
1876,-3.4375
1877,-0.625
1878,-0.0
1879,-3.4375
1880,-4.375
1881,-7.1875
1882,-8.75
1883,-2.8125
1884,-3.125
1885,-3.125
1886,-0.0
1887,-3.4375
1888,-3.125
1889,-3.4375
1890,-7.1875
1891,-1.875
1892,-3.125
1893,-3.75
1894,-0.0
1895,-4.375
1896,-3.125
1897,-0.0
1898,-6.25
1899,-2.8125
1900,-0.0
1901,-6.5625
1902,-1.25
1903,-0.0
1904,-1.5625
1905,-3.75
1906,-2.8125
1907,-9.0625
1908,-3.75
1909,-0.0
1910,-3.4375
1911,-1.875
1912,-3.125
1913,-9.0625
1914,-4.375
1915,-2.8125
1916,-2.1875
1917,-1.875
1918,-3.4375
1919,-2.1875
1920,-4.375
1921,-4.0625
1922,-0.625
1923,-0.0
1924,-3.125
1925,-4.0625
1926,-11.5625
1927,-0.625
1928,-6.25
1929,-0.0
1930,-1.25
1931,-3.125
1932,-0.0
1933,-3.75
1934,-5.0
1935,-2.5
1936,-9.0625
1937,-2.5
1938,-2.5
1939,-2.5
1940,-2.1875
1941,-5.0
1942,-0.0
1943,-2.5
1944,-4.0625
1945,-1.875
1946,-2.8125
1947,-2.5
1948,-3.75
1949,-2.5
1950,-3.75
1951,-3.75
1952,-2.5
1953,-4.375
1954,-3.75
1955,-0.0
1956,-2.8125
1957,-0.0
1958,-3.125
1959,-7.5
1960,-0.625
1961,-5.3125
1962,-4.0625
1963,-0.0
1964,-5.3125
1965,-3.125
1966,-2.5
1967,-7.5
1968,-3.125
1969,-2.8125
1970,-2.8125
1971,-0.0
1972,-4.6875
1973,-2.1875
1974,-5.0
1975,-5.3125
1976,-3.4375
1977,-0.0
1978,-0.0
1979,-4.0625
1980,-5.0
1981,-2.8125
1982,-11.5625
1983,-3.125
1984,-2.1875
1985,-0.0
1986,-0.625
1987,-0.0
1988,-3.4375
1989,-3.75
1990,-4.0625
1991,-4.0625
1992,-3.125
1993,-4.0625
1994,-3.125
1995,-2.5
1996,-3.125
1997,-4.375
1998,-0.3125
1999,-2.5
2000,-2.5
2001,-4.6875
2002,-7.8125
2003,-0.0
2004,-2.5
2005,-1.875
2006,-1.5625
2007,-3.4375
2008,-2.8125
2009,-1.875
2010,-6.25
2011,-0.0
2012,-2.1875
2013,-1.875
2014,-2.8125
2015,-5.9375
2016,-4.0625
2017,-5.9375
2018,-3.125
2019,-3.125
2020,-0.0
2021,-4.0625
2022,-1.875
2023,-3.75
2024,-0.9375
2025,-4.0625
2026,-2.5
2027,-1.5625
2028,-6.5625
2029,-4.0625
2030,-0.625
2031,-3.125
2032,-3.125
2033,-3.4375
2034,-9.375
2035,-3.4375
2036,-2.8125
2037,-2.5
2038,-1.5625
2039,-5.0
2040,-2.5
2041,-7.1875
2042,-7.8125
2043,-0.9375
2044,-2.8125
2045,-5.0
2046,-0.9375
2047,-5.0
2048,-1.875
2049,-0.0
2050,-3.4375
2051,-3.75
2052,-2.5
2053,-11.25
2054,-3.75
2055,-3.125
2056,-0.625
2057,-2.5
2058,-1.875
2059,-3.75
2060,-2.8125
2061,-4.6875
2062,-5.625
2063,-3.125
2064,-2.5
2065,-2.5
2066,-3.125
2067,-4.375
2068,-1.875
2069,-3.4375
2070,-3.4375
2071,-2.8125
2072,-3.125
2073,-3.125
2074,-0.0
2075,-4.6875
2076,-5.0
2077,-3.125
2078,-7.1875
2079,-1.5625
2080,-3.4375
2081,-3.4375
2082,-2.1875
2083,-0.0
2084,-4.0625
2085,-5.3125
2086,-4.0625
2087,-3.4375
2088,-2.8125
2089,-2.5
2090,-3.75
2091,-1.875
2092,-2.5
2093,-2.5
2094,-4.0625
2095,-11.875
2096,-1.875
2097,-0.0
2098,-4.0625
2099,-0.3125
2100,-4.6875
2101,-2.8125
2102,-2.5
2103,-6.875
2104,-4.0625
2105,-3.125
2106,-1.875
2107,-2.1875
2108,-4.375
2109,-5.0
2110,-1.5625
2111,-11.25
2112,-3.4375
2113,-1.875
2114,-8.125
2115,-2.1875
2116,-1.875
2117,-7.1875
2118,-1.875
2119,-5.3125
2120,-2.8125
2121,-5.625
2122,-3.75
2123,-2.1875
2124,-2.1875
2125,-2.8125
2126,-1.5625
2127,-3.125
2128,-6.25
2129,-0.0
2130,-3.75
2131,-5.0
2132,-0.0
2133,-8.75
2134,-4.375
2135,-3.4375
2136,-5.0
2137,-1.5625
2138,-1.875
2139,-0.0
2140,-8.125
2141,-2.1875
2142,-4.6875
2143,-7.8125
2144,-2.1875
2145,-1.5625
2146,-1.875
2147,-2.1875
2148,-2.1875
2149,-4.6875
2150,-3.4375
2151,-2.5
2152,-2.1875
2153,-0.9375
2154,-5.0
2155,-2.5
2156,-2.5
2157,-6.875
2158,-3.125
2159,-3.4375
2160,-1.25
2161,-2.8125
2162,-3.4375
2163,-6.5625
2164,-3.4375
2165,-9.375
2166,-3.125
2167,-2.8125
2168,-1.875
2169,-1.25
2170,-3.4375
2171,-5.0
2172,-4.0625
2173,-5.0
2174,-1.5625
2175,-2.1875
2176,-3.125
2177,-0.0
2178,-6.25
2179,-3.75
2180,-7.1875
2181,-3.125
2182,-2.1875
2183,-0.0
2184,-2.1875
2185,-5.0
2186,-3.4375
2187,-11.25
2188,-2.8125
2189,-2.8125
2190,-2.1875
2191,-1.25
2192,-1.5625
2193,-3.4375
2194,-3.4375
2195,-9.0625
2196,-3.4375
2197,-3.4375
2198,-2.5
2199,-2.1875
2200,-3.125
2201,-3.125
2202,-3.4375
2203,-5.625
2204,-3.4375
2205,-5.3125
2206,-1.875
2207,-2.1875
2208,-1.25
2209,-1.5625
2210,-5.3125
2211,-4.0625
2212,-2.5
2213,-0.9375
2214,-2.5
2215,-3.125
2216,-6.5625
2217,-7.5
2218,-1.875
2219,-3.4375
2220,-2.1875
2221,-2.5
2222,-0.0
2223,-3.75
2224,-2.8125
2225,-2.8125
2226,-12.8125
2227,-0.9375
2228,-3.75
2229,-2.5
2230,-1.5625
2231,-5.0
2232,-3.75
2233,-3.125
2234,-3.75
2235,-3.125
2236,-3.125
2237,-4.375
2238,-2.1875
2239,-4.0625
2240,-3.125
2241,-4.0625
2242,-1.5625
2243,-5.3125
2244,-5.0
2245,-3.4375
2246,-3.75
2247,-3.4375
2248,-1.875
2249,-1.5625
2250,-5.3125
2251,-1.875
2252,-4.6875
2253,-2.5
2254,-2.8125
2255,-3.75
2256,-4.6875
2257,-3.4375
2258,-3.75
2259,-0.625
2260,-1.875
2261,-6.5625
2262,-3.4375
2263,-11.25
2264,-2.1875
2265,-7.1875
2266,-2.5
2267,-1.5625
2268,-3.4375
2269,-0.0
2270,-4.6875
2271,-6.5625
2272,-5.0
2273,-10.9375
2274,-2.8125
2275,-1.875
2276,-2.5
2277,-1.25
2278,-4.0625
2279,-5.0
2280,-3.125
2281,-1.5625
2282,-2.8125
2283,-2.8125
2284,-4.0625
2285,-0.0
2286,-2.1875
2287,-5.3125
2288,-1.875
2289,-9.0625
2290,-2.5
2291,-1.5625
2292,-4.0625
2293,-1.5625
2294,-4.0625
2295,-0.3125
2296,-2.5
2297,-2.8125
2298,-3.125
2299,-2.1875
2300,-5.0
2301,-0.0
2302,-2.1875
2303,-3.4375
2304,-0.0
2305,-2.5
2306,-1.875
2307,-6.25
2308,-7.1875
2309,-0.0
2310,-4.0625
2311,-3.75
2312,-1.875
2313,-9.0625
2314,-2.1875
2315,-3.125
2316,-2.1875
2317,-2.1875
2318,-5.0
2319,-1.25
2320,-5.9375
2321,-3.75
2322,-2.8125
2323,-3.75
2324,-1.25
2325,-3.4375
2326,-6.25
2327,-1.5625
2328,-3.75
2329,-4.6875
2330,-0.0
2331,-6.25
2332,-2.5
2333,-2.1875
2334,-9.0625
2335,-2.8125
2336,-1.875
2337,-2.1875
2338,-1.875
2339,-4.6875
2340,-2.5
2341,-1.25
2342,-2.1875
2343,-1.5625
2344,-2.8125
2345,-10.625
2346,-3.4375
2347,-5.0
2348,-4.0625
2349,-1.5625
2350,-3.4375
2351,-3.4375
2352,-3.4375
2353,-0.3125
2354,-4.375
2355,-2.1875
2356,-2.8125
2357,-4.6875
2358,-0.0
2359,-2.5
2360,-3.75
2361,-1.5625
2362,-7.5
2363,-4.375
2364,-3.4375
2365,-6.25
2366,-1.875
2367,-0.0
2368,-0.0
2369,-1.875
2370,-3.125
2371,-10.0
2372,-9.0625
2373,-2.5
2374,-1.5625
2375,-4.6875
2376,-2.1875
2377,-1.5625
2378,-4.0625
2379,-0.625
2380,-3.75
2381,-0.625
2382,-2.8125
2383,-1.875
2384,-2.1875
2385,-2.8125
2386,-5.0
2387,-3.4375
2388,-9.0625
2389,-4.375
2390,-2.5
2391,-1.5625
2392,-2.5
2393,-3.4375
2394,-0.9375
2395,-5.3125
2396,-2.1875
2397,-3.125
2398,-6.5625
2399,-2.8125
2400,-1.5625
2401,-6.5625
2402,-5.0
2403,-2.1875
2404,-11.25
2405,-0.625
2406,-0.9375
2407,-3.75
2408,-1.5625
2409,-3.125
2410,-6.875
2411,-1.25
2412,-4.0625
2413,-1.875
2414,-3.125
2415,-6.875
2416,-2.5
2417,-5.3125
2418,-5.0
2419,-2.1875
2420,-5.3125
2421,-0.0
2422,-4.0625
2423,-3.125
2424,-2.8125
2425,-5.0
2426,-2.8125
2427,-2.5
2428,-7.5
2429,-3.4375
2430,-2.5
2431,-0.0
2432,-3.125
2433,-3.125
2434,-1.25
2435,-1.25
2436,-4.6875
2437,-3.125
2438,-3.125
2439,-6.25
2440,-3.125
2441,-0.0
2442,-2.1875
2443,-3.125
2444,-0.9375
2445,-8.125
2446,-5.0
2447,-11.25
2448,-2.8125
2449,-1.5625
2450,-6.875
2451,-3.75
2452,-1.5625
2453,-6.875
2454,-2.1875
2455,-4.375
2456,-5.625
2457,-2.5
2458,-6.25
2459,-4.6875
2460,-1.5625
2461,-4.6875
2462,-3.4375
2463,-0.0
2464,-5.9375
2465,-3.4375
2466,-4.0625
2467,-2.5
2468,-2.5
2469,-3.125
2470,-4.375
2471,-2.8125
2472,-5.625
2473,-1.875
2474,-4.0625
2475,-3.75
2476,-3.4375
2477,-2.8125
2478,-2.5
2479,-3.4375
2480,-1.875
2481,-5.3125
2482,-5.3125
2483,-2.1875
2484,-2.8125
2485,-3.125
2486,-3.125
2487,-0.9375
2488,-2.8125
2489,-8.125
2490,-6.25
2491,-2.8125
2492,-3.4375
2493,-0.0
2494,-3.75
2495,-0.0
2496,-3.125
2497,-1.5625
2498,-0.9375
2499,-5.0
2500,-3.75
2501,-2.8125
2502,-7.1875
2503,-3.125
2504,-1.875
2505,-4.375
2506,-1.875
2507,-2.1875
2508,-1.25
2509,-1.5625
2510,-1.875
2511,-1.25
2512,-4.6875
2513,-6.5625
2514,-5.3125
2515,-3.4375
2516,-0.625
2517,-2.8125
2518,-3.75
2519,-3.4375
2520,-10.3125
2521,-5.3125
2522,-4.0625
2523,-3.75
2524,-1.5625
2525,-4.375
2526,-4.6875
2527,-0.0
2528,-4.0625
2529,-2.8125
2530,-5.625
2531,-2.1875
2532,-3.125
2533,-4.6875
2534,-0.0
2535,-2.5
2536,-4.0625
2537,-2.1875
2538,-4.0625
2539,-4.375
2540,-3.125
2541,-3.125
2542,-2.8125
2543,-4.0625
2544,-2.5
2545,-2.5
2546,-2.5
2547,-1.875
2548,-3.4375
2549,-3.125
2550,-4.375
2551,-1.25
2552,-2.5
2553,-5.0
2554,-0.0
2555,-1.875
2556,-2.5
2557,-3.4375
2558,-5.3125
2559,-0.0
2560,-1.875
2561,-4.0625
2562,-2.8125
2563,-10.3125
2564,-2.1875
2565,-2.8125
2566,-1.25
2567,-4.375
2568,-3.4375
2569,-6.25
2570,-3.4375
2571,-2.8125
2572,-2.1875
2573,-3.125
2574,-2.5
2575,-3.125
2576,-2.8125
2577,-2.8125
2578,-4.0625
2579,-4.375
2580,-0.9375
2581,-3.4375
2582,-4.375
2583,-3.4375
2584,-7.8125
2585,-2.8125
2586,-2.5
2587,-2.1875
2588,-2.1875
2589,-2.5
2590,-1.5625
2591,-2.8125
2592,-1.5625
2593,-6.25
2594,-0.3125
2595,-2.5
2596,-5.3125
2597,-2.5
2598,-8.125
2599,-9.0625
2600,-3.125
2601,-3.4375
2602,-2.5
2603,-1.5625
2604,-2.8125
2605,-2.5
2606,-1.5625
2607,-5.3125
2608,-5.0
2609,-3.75
2610,-2.5
2611,-3.125
2612,-4.375
2613,-1.875
2614,-2.8125
2615,-3.75
2616,-3.75
2617,-4.375
2618,-2.5
2619,-2.1875
2620,-2.8125
2621,-0.625
2622,-1.5625
2623,-4.0625
2624,-2.1875
2625,-5.625
2626,-3.125
2627,-3.75
2628,-4.6875
2629,-3.4375
2630,-4.0625
2631,-5.3125
2632,-2.1875
2633,-2.1875
2634,-3.125
2635,-2.5
2636,-5.3125
2637,-5.3125
2638,-2.1875
2639,-3.4375
2640,-3.125
2641,-4.0625
2642,-4.375
2643,-0.0
2644,-0.9375
2645,-3.75
2646,-11.5625
2647,-3.125
2648,-1.25
2649,-4.375
2650,-1.5625
2651,-10.3125
2652,-0.0
2653,-7.1875
2654,-8.75
2655,-4.6875
2656,-6.25
2657,-2.1875
2658,-1.875
2659,-1.875
2660,-2.8125
2661,-1.25
2662,-4.0625
2663,-1.5625
2664,-2.1875
2665,-3.75
2666,-1.875
2667,-7.1875
2668,-0.625
2669,-3.75
2670,-9.0625
2671,-2.8125
2672,-7.1875
2673,-3.125
2674,-1.5625
2675,-2.5
2676,-1.875
2677,-3.75
2678,-2.5
2679,-5.3125
2680,-0.0
2681,-4.6875
2682,-2.5
2683,-2.8125
2684,-3.75
2685,-0.0
2686,-4.6875
2687,-1.875
2688,-4.0625
2689,-11.25
2690,-0.0
2691,-6.25
2692,-2.1875
2693,-1.25
2694,-6.5625
2695,-2.1875
2696,-4.375
2697,-1.25
2698,-0.0
2699,-2.1875
2700,-4.0625
2701,-5.3125
2702,-7.1875
2703,-2.5
2704,-3.75
2705,-3.4375
2706,-4.0625
2707,-2.5
2708,-2.8125
2709,-2.1875
2710,-0.0
2711,-0.0
2712,-4.0625
2713,-3.4375
2714,-7.8125
2715,-5.0
2716,-2.8125
2717,-3.125
2718,-2.1875
2719,-3.125
2720,-2.8125
2721,-1.875
2722,-5.0
2723,-5.3125
2724,-2.1875
2725,-6.5625
2726,-1.875
2727,-2.8125
2728,-1.25
2729,-1.875
2730,-2.8125
2731,-6.25
2732,-10.0
2733,-2.1875
2734,-2.1875
2735,-0.0
2736,-0.0
2737,-4.6875
2738,-5.0
2739,-2.5
2740,-7.1875
2741,-3.75
2742,-3.75
2743,-0.625
2744,-2.5
2745,-3.4375
2746,-1.875
2747,-4.0625
2748,-3.125
2749,-2.1875
2750,-3.125
2751,-3.4375
2752,-3.125
2753,-1.25
2754,-0.0
2755,-1.25
2756,-3.125
2757,-3.4375
2758,-4.0625
2759,-2.8125
2760,-3.75
2761,-2.1875
2762,-0.0
2763,-4.0625
2764,-0.0
2765,-4.375
2766,-4.375
2767,-2.8125
2768,-1.25
2769,-0.9375
2770,-3.125
2771,-3.4375
2772,-3.125
2773,-8.4375
2774,-2.8125
2775,-2.5
2776,-5.3125
2777,-1.25
2778,-3.4375
2779,-1.5625
2780,-3.75
2781,-5.3125
2782,-0.625
2783,-3.4375
2784,-2.8125
2785,-1.875
2786,-8.125
2787,-3.75
2788,-3.75
2789,-4.375
2790,-2.1875
2791,-1.5625
2792,-2.5
2793,-1.875
2794,-3.75
2795,-5.0
2796,-3.125
2797,-8.125
2798,-2.5
2799,-0.0
2800,-3.4375
2801,-1.5625
2802,-4.0625
2803,-8.125
2804,-4.0625
2805,-3.4375
2806,-2.1875
2807,-0.0
2808,-4.0625
2809,-1.875
2810,-2.5
2811,-7.1875
2812,-1.875
2813,-3.75
2814,-3.125
2815,-0.0
2816,-0.625
2817,-3.4375
2818,-2.5
2819,-5.625
2820,-10.0
2821,-1.25
2822,-2.1875
2823,-0.0
2824,-1.875
2825,-2.1875
2826,-4.375
2827,-5.3125
2828,-7.1875
2829,-0.3125
2830,-0.0
2831,-0.9375
2832,-2.1875
2833,-4.0625
2834,-11.5625
2835,-4.6875
2836,-0.0
2837,-3.4375
2838,-1.875
2839,-3.4375
2840,-12.1875
2841,-3.125
2842,-4.6875
2843,-2.5
2844,-2.1875
2845,-1.875
2846,-2.5
2847,-1.875
2848,-3.4375
2849,-5.0
2850,-2.8125
2851,-4.6875
2852,-1.875
2853,-2.5
2854,-3.75
2855,-0.9375
2856,-3.4375
2857,-0.0
2858,-3.75
2859,-4.6875
2860,-0.0
2861,-1.5625
2862,-2.5
2863,-1.5625
2864,-2.8125
2865,-0.0
2866,-1.5625
2867,-2.8125
2868,-0.0
2869,-7.8125
2870,-3.125
2871,-0.9375
2872,-2.8125
2873,-1.5625
2874,-1.875
2875,-8.75
2876,-1.875
2877,-3.75
2878,-8.75
2879,-1.5625
2880,-0.0
2881,-3.125
2882,-1.5625
2883,-2.5
2884,-4.375
2885,-3.125
2886,-5.0
2887,-3.125
2888,-2.8125
2889,-3.4375
2890,-3.125
2891,-1.5625
2892,-3.4375
2893,-4.375
2894,-0.3125
2895,-3.75
2896,-0.0
2897,-2.5
2898,-6.875
2899,-1.875
2900,-2.5
2901,-1.875
2902,-3.125
2903,-1.875
2904,-5.3125
2905,-3.125
2906,-4.375
2907,-0.625
2908,-1.5625
2909,-4.375
2910,-2.1875
2911,-9.0625
2912,-2.8125
2913,-1.875
2914,-9.0625
2915,-0.0
2916,-4.375
2917,-0.9375
2918,-0.3125
2919,-4.6875
2920,-2.1875
2921,-2.5
2922,-5.0
2923,-2.8125
2924,-3.125
2925,-3.125
2926,-2.8125
2927,-3.125
2928,-2.5
2929,-3.125
2930,-4.0625
2931,-1.875
2932,-3.4375
2933,-3.75
2934,-2.8125
2935,-5.0
2936,-2.1875
2937,-2.5
2938,-0.0
2939,-2.8125
2940,-1.5625
2941,-4.0625
2942,-7.5
2943,-0.0
2944,-4.0625
2945,-0.0
2946,-1.5625
2947,-4.0625
2948,-3.75
2949,-8.75
2950,-3.4375
2951,-4.375
2952,-0.0
2953,-1.875
2954,-2.5
2955,-0.0
2956,-1.875
2957,-5.0
2958,-2.5
2959,-10.3125
2960,-4.375
2961,-3.125
2962,-0.0
2963,-1.5625
2964,-3.4375
2965,-4.6875
2966,-4.375
2967,-5.3125
2968,-4.375
2969,-0.0
2970,-3.125
2971,-3.4375
2972,-0.0
2973,-4.0625
2974,-0.0
2975,-0.0
2976,-9.0625
2977,-0.625
2978,-9.0625
2979,-12.5
2980,-1.875
2981,-3.75
2982,-2.5
2983,-1.5625
2984,-2.1875
2985,-8.125
2986,-0.0
2987,-6.5625
2988,-2.8125
2989,-1.25
2990,-3.125
2991,-2.8125
2992,-0.0
2993,-3.4375
2994,-0.0
2995,-0.0
2996,-8.4375
2997,-3.4375
2998,-7.8125
2999,-2.1875
3000,-2.8125
3001,-3.125
3002,-0.0
3003,-2.1875
3004,-1.5625
3005,-3.4375
3006,-9.6875
3007,-1.5625
3008,-6.25
3009,-0.0
3010,-1.5625
3011,-3.75
3012,-3.125
3013,-2.5
3014,-3.125
3015,-3.125
3016,-1.5625
3017,-2.5
3018,-3.125
3019,-1.875
3020,-0.0
3021,-4.6875
3022,-1.5625
3023,-2.8125
3024,-11.5625
3025,-2.1875
3026,-0.9375
3027,-2.1875
3028,-0.9375
3029,-2.5
3030,-9.0625
3031,-0.625
3032,-8.125
3033,-2.5
3034,-1.5625
3035,-12.5
3036,-1.5625
3037,-4.375
3038,-6.5625
3039,-0.9375
3040,-2.5
3041,-2.8125
3042,-1.875
3043,-4.0625
3044,-2.8125
3045,-5.0
3046,-0.0
3047,-3.75
3048,-1.5625
3049,-2.5
3050,-2.1875
3051,-3.4375
3052,-1.25
3053,-2.1875
3054,-2.1875
3055,-2.5
3056,-5.3125
3057,-2.1875
3058,-0.9375
3059,-2.8125
3060,-5.9375
3061,-2.5
3062,-6.25
3063,-6.25
3064,-2.1875
3065,-5.0
3066,-2.5
3067,-2.5
3068,-8.125
3069,-3.4375
3070,-4.6875
3071,-2.8125
3072,-2.5
3073,-3.4375
3074,-1.875
3075,-3.125
3076,-0.9375
3077,-4.0625
3078,-3.4375
3079,-1.875
3080,-0.9375
3081,-2.1875
3082,-3.125
3083,-6.5625
3084,-1.875
3085,-6.5625
3086,-4.0625
3087,-2.8125
3088,-0.625
3089,-3.4375
3090,-2.1875
3091,-1.875
3092,-8.4375
3093,-3.125
3094,-6.5625
3095,-1.875
3096,-1.875
3097,-3.4375
3098,-0.0
3099,-3.4375
3100,-2.5
3101,-0.0
3102,-9.0625
3103,-2.8125
3104,-3.125
3105,-6.875
3106,-1.5625
3107,-2.8125
3108,-0.0
3109,-1.25
3110,-3.125
3111,-3.125
3112,-8.75
3113,-2.8125
3114,-3.4375
3115,-2.5
3116,-0.9375
3117,-4.375
3118,-0.0
3119,-4.375
3120,-1.875
3121,-2.5
3122,-2.8125
3123,-0.0
3124,-2.5
3125,-2.1875
3126,-3.75
3127,-4.6875
3128,-0.0
3129,-0.625
3130,-3.4375
3131,-3.4375
3132,-3.125
3133,-0.0
3134,-3.4375
3135,-3.75
3136,-4.6875
3137,-11.875
3138,-3.4375
3139,-1.25
3140,-1.875
3141,-1.25
3142,-1.5625
3143,-5.0
3144,-2.5
3145,-3.4375
3146,-2.8125
3147,-0.0
3148,-1.875
3149,-3.75
3150,-1.875
3151,-0.3125
3152,-3.125
3153,-2.5
3154,-3.75
3155,-5.9375
3156,-3.125
3157,-1.25
3158,-4.6875
3159,-1.875
3160,-2.5
3161,-2.8125
3162,-3.125
3163,-0.3125
3164,-6.875
3165,-3.75
3166,-3.75
3167,-2.8125
3168,-2.5
3169,-3.125
3170,-0.0
3171,-2.1875
3172,-0.0
3173,-3.4375
3174,-6.875
3175,-1.875
3176,-6.25
3177,-2.1875
3178,-1.875
3179,-1.25
3180,-2.8125
3181,-3.4375
3182,-1.875
3183,-3.4375
3184,-3.125
3185,-4.0625
3186,-11.875
3187,-0.9375
3188,-2.8125
3189,-2.1875
3190,-0.9375
3191,-7.1875
3192,-4.375
3193,-9.0625
3194,-1.5625
3195,-1.875
3196,-1.875
3197,-1.25
3198,-3.125
3199,-2.1875
3200,-5.0
3201,-4.375
3202,-5.0
3203,-4.0625
3204,-2.1875
3205,-1.875
3206,-0.0
3207,-2.5
3208,-3.4375
3209,-4.0625
3210,-6.875
3211,-4.0625
3212,-2.1875
3213,-3.4375
3214,-2.1875
3215,-2.8125
3216,-4.0625
3217,-0.0
3218,-2.5
3219,-1.875
3220,-2.5
3221,-12.5
3222,-0.9375
3223,-3.125
3224,-3.75
3225,-1.25
3226,-0.0
3227,-1.875
3228,-0.0
3229,-5.9375
3230,-0.0
3231,-4.375
3232,-7.1875
3233,-2.1875
3234,-3.125
3235,-3.4375
3236,-0.0
3237,-3.75
3238,-3.4375
3239,-3.4375
3240,-7.1875
3241,-0.0
3242,-1.5625
3243,-2.5
3244,-1.5625
3245,-3.4375
3246,-1.875
3247,-3.4375
3248,-0.625
3249,-4.0625
3250,-3.4375
3251,-2.5
3252,-5.625
3253,-3.75
3254,-2.5
3255,-1.875
3256,-1.5625
3257,-3.4375
3258,-2.5
3259,-2.8125
3260,-4.6875
3261,-3.125
3262,-1.875
3263,-3.75
3264,-8.125
3265,-3.125
3266,-3.125
3267,-8.125
3268,-1.5625
3269,-4.375
3270,-1.875
3271,-1.875
3272,-4.6875
3273,-1.5625
3274,-2.5
3275,-0.0
3276,-3.125
3277,-5.9375
3278,-3.75
3279,-3.4375
3280,-1.875
3281,-0.0
3282,-3.4375
3283,-1.875
3284,-3.4375
3285,-5.9375
3286,-0.0
3287,-0.0
3288,-2.8125
3289,-2.5
3290,-11.25
3291,-9.0625
3292,-2.5
3293,-5.9375
3294,-0.625
3295,-1.875
3296,-1.25
3297,-1.25
3298,-2.8125
3299,-0.0
3300,-0.9375
3301,-2.5
3302,-3.125
3303,-4.0625
3304,-2.5
3305,-3.4375
3306,-3.4375
3307,-0.0
3308,-2.1875
3309,-2.8125
3310,-3.125
3311,-2.1875
3312,-3.4375
3313,-2.5
3314,-2.8125
3315,-3.75
3316,-3.4375
3317,-1.25
3318,-2.1875
3319,-2.5
3320,-2.5
3321,-5.625
3322,-0.625
3323,-3.125
3324,-3.125
3325,-1.25
3326,-0.625
3327,-0.0
3328,-2.1875
3329,-3.4375
3330,-4.6875
3331,-9.0625
3332,-4.0625
3333,-0.0
3334,-0.0
3335,-1.25
3336,-3.4375
3337,-0.3125
3338,-7.1875
3339,-5.0
3340,-3.4375
3341,-11.5625
3342,-1.25
3343,-0.0
3344,-3.4375
3345,-1.5625
3346,-4.375
3347,-11.5625
3348,-2.1875
3349,-0.625
3350,-2.5
3351,-2.1875
3352,-2.1875
3353,-4.0625
3354,-3.75
3355,-0.0
3356,-2.1875
3357,-2.5
3358,-3.125
3359,-2.5
3360,-6.875
3361,-2.1875
3362,-3.75
3363,-1.875
3364,-0.0
3365,-1.875
3366,-0.0
3367,-7.1875
3368,-1.875
3369,-3.4375
3370,-0.0
3371,-0.0
3372,-3.75
3373,-1.875
3374,-7.1875
3375,-11.25
3376,-2.1875
3377,-2.5
3378,-0.0
3379,-1.5625
3380,-1.875
3381,-5.0
3382,-0.9375
3383,-0.0
3384,-8.75
3385,-0.0
3386,-1.875
3387,-7.8125
3388,-9.0625
3389,-5.3125
3390,-4.375
3391,-0.0
3392,-0.0
3393,-0.0
3394,-4.0625
3395,-4.0625
3396,-9.0625
3397,-3.75
3398,-0.0
3399,-3.4375
3400,-0.0
3401,-2.8125
3402,-2.1875
3403,-0.0
3404,-0.0
3405,-2.1875
3406,-3.75
3407,-3.4375
3408,-4.6875
3409,-1.25
3410,-4.0625
3411,-0.0
3412,-3.125
3413,-3.125
3414,-1.25
3415,-3.125
3416,-4.0625
3417,-3.75
3418,-4.6875
3419,-2.8125
3420,-0.0
3421,-0.0
3422,-7.1875
3423,-0.0
3424,-0.0
3425,-0.0
3426,-12.5
3427,-1.875
3428,-2.5
3429,-0.0
3430,-0.9375
3431,-2.8125
3432,-0.0
3433,-1.5625
3434,-3.125
3435,-0.0
3436,-3.75
3437,-7.1875
3438,-2.1875
3439,-5.3125
3440,-2.8125
3441,-1.875
3442,-0.9375
3443,-3.4375
3444,-2.1875
3445,-1.5625
3446,-4.0625
3447,-0.3125
3448,-1.25
3449,-2.1875
3450,-2.5
3451,-4.6875
3452,-5.0
3453,-4.375
3454,-3.4375
3455,-1.5625
3456,-2.8125
3457,-0.0
3458,-2.1875
3459,-4.0625
3460,-1.875
3461,-0.3125
3462,-4.375
3463,-8.75
3464,-3.4375
3465,-1.25
3466,-0.0
3467,-1.875
3468,-0.3125
3469,-5.0
3470,-0.0
3471,-5.3125
3472,-0.0
3473,-1.875
3474,-2.5
3475,-0.0
3476,-2.1875
3477,-3.75
3478,-2.1875
3479,-2.1875
3480,-0.625
3481,-3.75
3482,-0.0
3483,-3.125
3484,-2.8125
3485,-3.125
3486,-0.0
3487,-2.1875
3488,-9.0625
3489,-2.8125
3490,-1.5625
3491,-2.1875
3492,-11.25
3493,-0.0
3494,-5.0
3495,-1.5625
3496,-0.0
3497,-12.1875
3498,-2.5
3499,-3.125
3500,-6.5625
3501,-0.0
3502,-2.8125
3503,-0.0
3504,-0.0
3505,-2.8125
3506,-5.0
3507,-2.1875
3508,-2.8125
3509,-8.125
3510,-3.75
3511,-0.9375
3512,-0.0
3513,-3.4375
3514,-3.125
3515,-1.875
3516,-5.3125
3517,-0.0
3518,-0.0
3519,-1.875
3520,-0.0
3521,-4.6875
3522,-0.3125
3523,-5.625
3524,-1.25
3525,-1.5625
3526,-3.125
3527,-0.0
3528,-2.8125
3529,-6.25
3530,-0.0
3531,-2.8125
3532,-3.125
3533,-7.5
3534,-3.125
3535,-0.0
3536,-3.4375
3537,-2.1875
3538,-0.0
3539,-6.875
3540,-0.0
3541,-0.0
3542,-10.9375
3543,-0.0
3544,-4.375
3545,-12.1875
3546,-0.625
3547,-0.3125
3548,-0.625
3549,-5.0
3550,-6.25
3551,-2.1875
3552,-0.0
3553,-4.6875
3554,-2.5
3555,-0.0
3556,-3.125
3557,-3.125
3558,-0.0
3559,-8.75
3560,-2.8125
3561,-3.4375
3562,-3.125
3563,-0.0
3564,-3.125
3565,-0.0
3566,-0.0
3567,-11.25
3568,-2.1875
3569,-0.0
3570,-3.125
3571,-4.6875
3572,-3.125
3573,-0.625
3574,-2.1875
3575,-1.5625
3576,-3.4375
3577,-2.5
3578,-4.375
3579,-1.25
3580,-1.875
3581,-0.0
3582,-3.4375
3583,-2.1875
3584,-2.5
3585,-0.9375
3586,-2.5
3587,-2.5
3588,-2.1875
3589,-1.875
3590,-1.875
3591,-0.0
3592,-2.8125
3593,-1.5625
3594,-3.125
3595,-4.6875
3596,-1.5625
3597,-1.875
3598,-2.1875
3599,-3.125
3600,-3.125
3601,-4.0625
3602,-0.0
3603,-3.125
3604,-2.5
3605,-2.1875
3606,-1.875
3607,-3.125
3608,-0.0
3609,-3.4375
3610,-9.375
3611,-2.8125
3612,-1.5625
3613,-3.75
3614,-0.0
3615,-0.9375
3616,-0.0
3617,-0.0
3618,-4.0625
3619,-2.8125
3620,-7.1875
3621,-6.25
3622,-2.1875
3623,-2.8125
3624,-1.25
3625,-0.9375
3626,-3.125
3627,-2.1875
3628,-3.4375
3629,-0.0
3630,-0.3125
3631,-3.125
3632,-1.875
3633,-2.8125
3634,-6.25
3635,-3.4375
3636,-4.375
3637,-0.0
3638,-2.1875
3639,-2.8125
3640,-3.75
3641,-11.5625
3642,-2.5
3643,-3.125
3644,-0.0
3645,-1.25
3646,-0.0
3647,-0.0
3648,-6.25
3649,-2.5
3650,-0.9375
3651,-0.0
3652,-0.0
3653,-2.8125
3654,-3.125
3655,-5.3125
3656,-4.6875
3657,-2.1875
3658,-1.875
3659,-0.0
3660,-1.5625
3661,-0.0
3662,-4.375
3663,-6.25
3664,-3.125
3665,-6.875
3666,-3.75
3667,-0.0
3668,-1.5625
3669,-1.25
3670,-9.375
3671,-2.5
3672,-1.5625
3673,-6.25
3674,-0.0
3675,-2.1875
3676,-3.75
3677,-4.375
3678,-0.3125
3679,-1.875
3680,-2.8125
3681,-0.0
3682,-9.0625
3683,-3.4375
3684,-4.6875
3685,-3.4375
3686,-0.9375
3687,-2.1875
3688,-3.4375
3689,-0.0
3690,-3.125
3691,-3.125
3692,-1.5625
3693,-1.5625
3694,-0.0
3695,-2.8125
3696,-1.5625
3697,-3.125
3698,-2.8125
3699,-4.0625
3700,-3.125
3701,-3.125
3702,-2.5
3703,-2.5
3704,-1.875
3705,-2.1875
3706,-3.125
3707,-0.0
3708,-0.0
3709,-2.8125
3710,-0.9375
3711,-4.0625
3712,-2.5
3713,-1.875
3714,-8.125
3715,-2.1875
3716,-3.125
3717,-2.5
3718,-0.0
3719,-3.4375
3720,-0.0
3721,-0.0
3722,-0.9375
3723,-2.8125
3724,-9.6875
3725,-2.8125
3726,-0.3125
3727,-0.0
3728,-0.0
3729,-1.875
3730,-2.1875
3731,-2.5
3732,-4.375
3733,-2.5
3734,-3.4375
3735,-3.75
3736,-2.1875
3737,-3.125
3738,-2.5
3739,-0.0
3740,-1.875
3741,-2.5
3742,-3.125
3743,-11.5625
3744,-0.0
3745,-0.9375
3746,-2.5
3747,-0.0
3748,-5.9375
3749,-0.625
3750,-2.5
3751,-6.25
3752,-1.5625
3753,-5.9375
3754,-3.75
3755,-0.0
3756,-5.0
3757,-0.0
3758,-0.0
3759,-2.8125
3760,-2.8125
3761,-6.5625
3762,-1.875
3763,-1.875
3764,-2.5
3765,-2.5
3766,-1.875
3767,-3.125
3768,-3.125
3769,-1.5625
3770,-3.75
3771,-0.0
3772,-0.0
3773,-1.875
3774,-2.8125
3775,-8.75
3776,-2.8125
3777,-8.4375
3778,-1.875
3779,-1.5625
3780,-0.9375
3781,-1.875
3782,-0.0
3783,-0.0
3784,-5.0
3785,-2.5
3786,-0.0
3787,-6.25
3788,-2.5
3789,-0.0
3790,-2.5
3791,-2.1875
3792,-0.0
3793,-11.875
3794,-2.1875
3795,-3.4375
3796,-3.125
3797,-0.625
3798,-3.75
3799,-3.4375
3800,-3.4375
3801,-0.0
3802,-2.8125
3803,-2.8125
3804,-3.125
3805,-12.8125
3806,-3.75
3807,-4.0625
3808,-3.4375
3809,-0.0
3810,-3.125
3811,-2.8125
3812,-2.5
3813,-4.0625
3814,-0.0
3815,-1.875
3816,-3.4375
3817,-3.75
3818,-2.8125
3819,-2.1875
3820,-1.875
3821,-3.75
3822,-1.25
3823,-0.9375
3824,-2.1875
3825,-2.8125
3826,-2.1875
3827,-1.25
3828,-2.1875
3829,-2.5
3830,-0.0
3831,-0.0
3832,-2.1875
3833,-0.0
3834,-9.375
3835,-7.8125
3836,-0.625
3837,-2.1875
3838,-4.375
3839,-0.0
3840,-2.5
3841,-0.0
3842,-2.5
3843,-6.5625
3844,-3.75
3845,-7.1875
3846,-2.8125
3847,-1.5625
3848,-1.875
3849,-2.5
3850,-0.0
3851,-0.9375
3852,-1.875
3853,-4.0625
3854,-3.4375
3855,-6.875
3856,-2.1875
3857,-2.8125
3858,-0.9375
3859,-1.5625
3860,-4.6875
3861,-2.1875
3862,-8.125
3863,-4.6875
3864,-2.5
3865,-3.4375
3866,-0.0
3867,-1.25
3868,-1.25
3869,-2.5
3870,-9.0625
3871,-7.1875
3872,-2.8125
3873,-0.9375
3874,-2.5
3875,-1.875
3876,-0.0
3877,-4.0625
3878,-0.0
3879,-0.0
3880,-2.8125
3881,-2.1875
3882,-1.25
3883,-9.0625
3884,-2.8125
3885,-1.5625
3886,-6.25
3887,-0.9375
3888,-0.0
3889,-2.5
3890,-0.0
3891,-0.9375
3892,-0.0
3893,-3.125
3894,-3.75
3895,-5.9375
3896,-5.0
3897,-3.4375
3898,-1.5625
3899,-1.875
3900,-1.875
3901,-2.1875
3902,-1.875
3903,-5.0
3904,-0.0
3905,-3.4375
3906,-2.8125
3907,-2.5
3908,-0.0
3909,-0.0
3910,-1.5625
3911,-1.875
3912,-5.0
3913,-4.6875
3914,-2.5
3915,-5.3125
3916,-1.875
3917,-3.125
3918,-2.1875
3919,-0.0
3920,-5.0
3921,-3.125
3922,-4.375
3923,-9.375
3924,-0.0
3925,-0.0
3926,-1.25
3927,-0.0
3928,-8.125
3929,-5.3125
3930,-6.875
3931,-4.6875
3932,-0.9375
3933,-2.5
3934,-2.5
3935,-1.25
3936,-1.875
3937,-3.125
3938,-3.125
3939,-3.75
3940,-0.0
3941,-2.5
3942,-2.5
3943,-0.9375
3944,-8.125
3945,-2.8125
3946,-1.875
3947,-3.4375
3948,-2.5
3949,-3.125
3950,-2.1875
3951,-2.8125
3952,-4.6875
3953,-1.25
3954,-3.75
3955,-1.25
3956,-2.8125
3957,-2.8125
3958,-2.1875
3959,-6.875
3960,-0.0
3961,-2.8125
3962,-1.875
3963,-1.25
3964,-6.875
3965,-3.4375
3966,-4.375
3967,-0.0
3968,-1.25
3969,-2.8125
3970,-1.875
3971,-5.0
3972,-4.375
3973,-2.1875
3974,-3.125
3975,-1.5625
3976,-0.625
3977,-0.0
3978,-2.5
3979,-5.0
3980,-3.125
3981,-2.1875
3982,-2.5
3983,-2.5
3984,-2.5
3985,-3.125
3986,-3.125
3987,-2.5
3988,-2.8125
3989,-2.1875
3990,-3.4375
3991,-3.75
3992,-3.125
3993,-1.875
3994,-3.75
3995,-2.8125
3996,-2.5
3997,-3.75
3998,-4.0625
3999,-1.5625
4000,-1.875
4001,-0.0
4002,-2.5
4003,-2.1875
4004,-1.5625
4005,-5.625
4006,-3.125
4007,-3.75
4008,-2.5
4009,-2.1875
4010,-2.1875
4011,-0.0
4012,-3.125
4013,-0.0
4014,-3.125
4015,-6.5625
4016,-2.5
4017,-2.5
4018,-1.5625
4019,-2.1875
4020,-1.5625
4021,-3.125
4022,-2.8125
4023,-2.5
4024,-2.1875
4025,-3.125
4026,-3.125
4027,-0.0
4028,-3.125
4029,-0.0
4030,-0.0
4031,-7.8125
4032,-3.4375
4033,-6.875
4034,-1.875
4035,-0.0
4036,-3.125
4037,-2.1875
4038,-4.6875
4039,-8.75
4040,-1.875
4041,-2.5
4042,-1.875
4043,-1.5625
4044,-3.4375
4045,-4.0625
4046,-4.375
4047,-2.8125
4048,-3.125
4049,-0.0
4050,-2.8125
4051,-2.5
4052,-3.4375
4053,-5.0
4054,-2.1875
4055,-3.4375
4056,-1.875
4057,-0.0
4058,-3.125
4059,-1.25
4060,-1.25
4061,-6.25
4062,-2.1875
4063,-5.0
4064,-0.0
4065,-2.5
4066,-3.4375
4067,-2.5
4068,-0.0
4069,-3.4375
4070,-2.1875
4071,-3.4375
4072,-0.0
4073,-2.8125
4074,-2.8125
4075,-1.5625
4076,-0.0
4077,-2.5
4078,-0.625
4079,-2.5
4080,-4.0625
4081,-2.1875
4082,-2.8125
4083,-2.1875
4084,-1.875
4085,-2.8125
4086,-0.0
4087,-2.8125
4088,-5.625
4089,-3.75
4090,-0.3125
4091,-1.875
4092,-2.1875
4093,-0.0
4094,-0.0
4095,-3.125
4096,-4.0625
4097,-0.0
4098,-1.25
4099,-2.8125
4100,-1.875
4101,-2.8125
4102,-4.6875
4103,-3.125
4104,-1.875
4105,-2.5
4106,-2.5
4107,-0.0
4108,-2.1875
4109,-2.8125
4110,-2.5
4111,-6.875
4112,-2.8125
4113,-3.125
4114,-1.5625
4115,-4.0625
4116,-2.5
4117,-2.8125
4118,-2.1875
4119,-2.5
4120,-3.125
4121,-0.0
4122,-3.75
4123,-1.875
4124,-3.125
4125,-5.3125
4126,-2.5
4127,-0.0
4128,-0.0
4129,-1.25
4130,-3.125
4131,-12.8125
4132,-5.625
4133,-0.9375
4134,-1.875
4135,-1.25
4136,-0.0
4137,-2.8125
4138,-3.4375
4139,-0.0
4140,-9.0625
4141,-0.0
4142,-3.125
4143,-3.4375
4144,-0.0
4145,-7.5
4146,-2.5
4147,-2.8125
4148,-2.8125
4149,-0.0
4150,-2.8125
4151,-3.4375
4152,-2.8125
4153,-1.875
4154,-3.125
4155,-2.5
4156,-2.1875
4157,-2.8125
4158,-1.875
4159,-2.1875
4160,-1.875
4161,-3.4375
4162,-3.4375
4163,-2.8125
4164,-3.4375
4165,-0.625
4166,-2.5
4167,-3.125
4168,-2.5
4169,-0.625
4170,-3.4375
4171,-2.5
4172,-2.8125
4173,-5.0
4174,-3.4375
4175,-2.8125
4176,-2.5
4177,-2.1875
4178,-2.5
4179,-2.1875
4180,-4.0625
4181,-2.8125
4182,-5.0
4183,-2.8125
4184,-2.1875
4185,-2.1875
4186,-3.125
4187,-0.0
4188,-1.875
4189,-2.8125
4190,-3.75
4191,-5.625
4192,-2.5
4193,-3.75
4194,-1.875
4195,-0.9375
4196,-1.5625
4197,-3.125
4198,-2.5
4199,-2.5
4200,-6.25
4201,-3.125
4202,-2.1875
4203,-3.125
4204,-1.875
4205,-0.0
4206,-3.75
4207,-1.875
4208,-4.375
4209,-3.125
4210,-0.0
4211,-4.0625
4212,-2.1875
4213,-1.875
4214,-2.1875
4215,-3.125
4216,-7.1875
4217,-3.125
4218,-3.125
4219,-2.8125
4220,-1.5625
4221,-3.125
4222,-1.875
4223,-1.5625
4224,-4.6875
4225,-2.8125
4226,-0.0
4227,-2.1875
4228,-3.125
4229,-3.4375
4230,-3.125
4231,-2.5
4232,-1.875
4233,-1.875
4234,-2.8125
4235,-4.0625
4236,-2.8125
4237,-3.75
4238,-3.4375
4239,-2.5
4240,-2.1875
4241,-1.5625
4242,-2.8125
4243,-2.5
4244,-3.4375
4245,-1.25
4246,-4.0625
4247,-1.875
4248,-2.8125
4249,-3.75
4250,-0.0
4251,-1.875
4252,-3.125
4253,-2.5
4254,-7.1875
4255,-2.5
4256,-2.1875
4257,-3.75
4258,-0.0
4259,-3.4375
4260,-1.875
4261,-1.875
4262,-1.5625
4263,-2.8125
4264,-4.0625
4265,-2.8125
4266,-0.0
4267,-2.5
4268,-0.0
4269,-1.25
4270,-3.125
4271,-2.1875
4272,-5.9375
4273,-4.0625
4274,-3.125
4275,-1.25
4276,-0.0
4277,-2.5
4278,-1.875
4279,-3.4375
4280,-2.8125
4281,-4.0625
4282,-2.1875
4283,-3.125
4284,-3.125
4285,-1.875
4286,-1.875
4287,-2.1875
4288,-0.0
4289,-1.875
4290,-2.5
4291,-3.75
4292,-5.0
4293,-4.6875
4294,-3.4375
4295,-2.1875
4296,-0.9375
4297,-2.1875
4298,-1.875
4299,-4.0625
4300,-2.8125
4301,-2.5
4302,-3.4375
4303,-3.125
4304,-0.0
4305,-2.5
4306,-2.1875
4307,-1.25
4308,-5.3125
4309,-2.8125
4310,-3.4375
4311,-1.5625
4312,-1.5625
4313,-3.125
4314,-2.5
4315,-3.4375
4316,-3.75
4317,-2.5
4318,-1.5625
4319,-3.75
4320,-2.1875
4321,-1.875
4322,-3.75
4323,-3.125
4324,-0.0
4325,-3.4375
4326,-2.1875
4327,-2.5
4328,-3.75
4329,-2.1875
4330,-3.75
4331,-1.875
4332,-2.1875
4333,-5.3125
4334,-2.1875
4335,-1.875
4336,-3.125
4337,-1.875
4338,-0.3125
4339,-3.125
4340,-3.125
4341,-2.8125
4342,-2.8125
4343,-2.1875
4344,-1.875
4345,-2.8125
4346,-3.75
4347,-3.125
4348,-3.75
4349,-3.125
4350,-3.125
4351,-3.4375
4352,-2.5
4353,-1.875
4354,-3.4375
4355,-2.1875
4356,-3.125
4357,-3.75
4358,-2.1875
4359,-3.4375
4360,-2.5
4361,-2.8125
4362,-1.875
4363,-1.5625
4364,-2.8125
4365,-1.875
4366,-4.6875
4367,-3.125
4368,-1.5625
4369,-3.4375
4370,-1.875
4371,-1.875
4372,-2.5
4373,-1.875
4374,-3.75
4375,-2.8125
4376,-2.5
4377,-2.1875
4378,-2.8125
4379,-3.4375
4380,-3.4375
4381,-3.4375
4382,-3.4375
4383,-3.125
4384,-3.125
4385,-3.125
4386,-2.5
4387,-3.125
4388,-2.8125
4389,-3.125
4390,-2.8125
4391,-3.125
4392,-2.1875
4393,-3.125
4394,-2.1875
4395,-3.125
4396,-1.25
4397,-2.5
4398,-4.375
4399,-1.5625
4400,-2.8125
4401,-2.5
4402,-2.1875
4403,-4.375
4404,-2.5
4405,-3.125
4406,-1.5625
4407,-1.5625
4408,-3.125
4409,-3.75
4410,-3.4375
4411,-2.8125
4412,-2.8125
4413,-2.1875
4414,-1.875
4415,-3.125
4416,-4.0625
4417,-3.75
4418,-2.5
4419,-1.875
4420,-3.125
4421,-2.1875
4422,-4.0625
4423,-3.125
4424,-3.125
4425,-0.9375
4426,-3.125
4427,-1.875
4428,-2.5
4429,-5.0
4430,-2.1875
4431,-4.375
4432,-3.125
4433,-2.1875
4434,-0.625
4435,-0.9375
4436,-3.75
4437,-3.4375
4438,-3.4375
4439,-6.25
4440,-1.875
4441,-2.5
4442,-3.125
4443,-1.5625
4444,-1.5625
4445,-3.125
4446,-3.125
4447,-4.375
4448,-1.875
4449,-3.75
4450,-3.4375
4451,-2.8125
4452,-3.75
4453,-2.1875
4454,-2.5
4455,-2.1875
4456,-2.1875
4457,-2.1875
4458,-1.875
4459,-3.4375
4460,-1.875
4461,-0.625
4462,-1.5625
4463,-2.5
4464,-3.125
4465,-7.8125
4466,-2.5
4467,-4.0625
4468,-3.75
4469,-1.5625
4470,-2.8125
4471,-1.5625
4472,-2.8125
4473,-1.875
4474,-2.8125
4475,-4.0625
4476,-3.4375
4477,-3.125
4478,-2.1875
4479,-1.875
4480,-3.75
4481,-2.1875
4482,-3.4375
4483,-2.8125
4484,-0.0
4485,-3.75
4486,-3.4375
4487,-4.6875
4488,-7.8125
4489,-1.5625
4490,-2.5
4491,-1.875
4492,-3.4375
4493,-1.5625
4494,-4.6875
4495,-0.9375
4496,-0.0
4497,-1.5625
4498,-1.5625
4499,-8.125
4500,-2.1875
4501,-4.6875
4502,-3.125
4503,-2.5
4504,-0.0
4505,-1.875
4506,-1.875
4507,-2.5
4508,-5.0
4509,-2.5
4510,-3.75
4511,-4.0625
4512,-2.5
4513,-2.1875
4514,-2.1875
4515,-0.0
4516,-3.125
4517,-4.0625
4518,-3.125
4519,-4.375
4520,-0.0
4521,-1.875
4522,-2.1875
4523,-1.5625
4524,-11.5625
4525,-3.4375
4526,-4.375
4527,-2.5
4528,-0.0
4529,-0.0
4530,-0.0
4531,-1.875
4532,-2.1875
4533,-10.0
4534,-1.5625
4535,-2.1875
4536,-1.5625
4537,-0.9375
4538,-2.5
4539,-2.5
4540,-0.3125
4541,-1.25
4542,-3.4375
4543,-2.1875
4544,-5.3125
4545,-1.5625
4546,-3.125
4547,-1.875
4548,-0.0
4549,-1.875
4550,-3.125
4551,-2.8125
4552,-5.0
4553,-3.75
4554,-2.5
4555,-0.0
4556,-2.1875
4557,-3.125
4558,-3.75
4559,-5.3125
4560,-2.5
4561,-3.125
4562,-2.8125
4563,-0.0
4564,-1.875
4565,-3.75
4566,-3.4375
4567,-3.4375
4568,-3.75
4569,-0.0
4570,-1.25
4571,-2.5
4572,-0.0
4573,-5.0
4574,-6.25
4575,-2.5
4576,-1.5625
4577,-0.0
4578,-0.0
4579,-3.75
4580,-2.5
4581,-6.875
4582,-5.9375
4583,-1.875
4584,-2.1875
4585,-2.5
4586,-4.0625
4587,-0.0
4588,-2.8125
4589,-4.0625
4590,-1.875
4591,-2.5
4592,-3.75
4593,-3.4375
4594,-2.8125
4595,-2.5
4596,-2.8125
4597,-2.8125
4598,-4.0625
4599,-3.125
4600,-2.8125
4601,-3.125
4602,-1.875
4603,-2.5
4604,-4.0625
4605,-1.875
4606,-3.4375
4607,-3.4375
4608,-1.875
4609,-4.0625
4610,-1.875
4611,-2.5
4612,-2.8125
4613,-0.0
4614,-2.5
4615,-3.125
4616,-3.4375
4617,-4.6875
4618,-3.4375
4619,-3.125
4620,-2.5
4621,-2.5
4622,-3.125
4623,-2.5
4624,-2.5
4625,-2.8125
4626,-3.125
4627,-3.125
4628,-2.1875
4629,-2.1875
4630,-1.875
4631,-0.0
4632,-2.8125
4633,-6.5625
4634,-2.5
4635,-4.0625
4636,-2.5
4637,-1.5625
4638,-3.125
4639,-1.875
4640,-2.8125
4641,-3.75
4642,-0.0
4643,-3.75
4644,-3.4375
4645,-2.5
4646,-4.6875
4647,-1.875
4648,-2.8125
4649,-1.875
4650,-1.25
4651,-3.75
4652,-2.8125
4653,-1.5625
4654,-2.5
4655,-2.8125
4656,-3.4375
4657,-2.1875
4658,-0.0
4659,-3.75
4660,-3.125
4661,-1.5625
4662,-0.0
4663,-2.5
4664,-2.8125
4665,-3.75
4666,-5.3125
4667,-1.875
4668,-3.125
4669,-2.8125
4670,-0.9375
4671,-3.4375
4672,-2.8125
4673,-3.125
4674,-2.1875
4675,-2.8125
4676,-2.8125
4677,-2.8125
4678,-2.8125
4679,-1.5625
4680,-1.875
4681,-3.4375
4682,-1.875
4683,-3.75
4684,-2.5
4685,-2.5
4686,-3.125
4687,-1.875
4688,-0.0
4689,-1.875
4690,-1.875
4691,-1.25
4692,-6.875
4693,-0.625
4694,-3.125
4695,-3.4375
4696,-1.875
4697,-2.8125
4698,-3.125
4699,-0.625
4700,-3.125
4701,-3.125
4702,-3.4375
4703,-0.625
4704,-2.1875
4705,-3.75
4706,-2.8125
4707,-0.625
4708,-3.125
4709,-2.5
4710,-0.0
4711,-2.8125
4712,-2.1875
4713,-3.4375
4714,-2.8125
4715,-2.5
4716,-3.125
4717,-3.125
4718,-2.8125
4719,-4.0625
4720,-3.4375
4721,-2.5
4722,-2.8125
4723,-2.5
4724,-3.125
4725,-4.0625
4726,-2.1875
4727,-1.875
4728,-2.8125
4729,-2.1875
4730,-3.4375
4731,-3.4375
4732,-2.5
4733,-2.1875
4734,-2.8125
4735,-1.5625
4736,-3.4375
4737,-2.5
4738,-3.125
4739,-4.375
4740,-2.8125
4741,-2.8125
4742,-3.125
4743,-2.5
4744,-3.4375
4745,-2.8125
4746,-1.875
4747,-3.4375
4748,-3.125
4749,-3.75
4750,-3.75
4751,-0.625
4752,-2.1875
4753,-3.125
4754,-2.1875
4755,-2.5
4756,-2.8125
4757,-3.125
4758,-3.4375
4759,-3.75
4760,-1.875
4761,-3.125
4762,-3.125
4763,-2.5
4764,-2.5
4765,-2.8125
4766,-1.25
4767,-0.0
4768,-1.875
4769,-3.125
4770,-3.125
4771,-6.25
4772,-3.4375
4773,-3.125
4774,-3.4375
4775,-0.9375
4776,-3.125
4777,-3.125
4778,-2.8125
4779,-3.125
4780,-3.75
4781,-2.5
4782,-2.8125
4783,-2.8125
4784,-2.1875
4785,-2.5
4786,-2.5
4787,-3.125
4788,-1.5625
4789,-1.875
4790,-3.4375
4791,-0.0
4792,-3.125
4793,-2.1875
4794,-1.875
4795,-7.8125
4796,-1.875
4797,-3.125
4798,-1.5625
4799,-4.375
4800,-3.125
4801,-3.75
4802,-4.375
4803,-2.5
4804,-3.125
4805,-2.5
4806,-2.5
4807,-2.8125
4808,-2.8125
4809,-2.1875
4810,-3.125
4811,-3.125
4812,-2.1875
4813,-2.5
4814,-1.875
4815,-3.75
4816,-3.75
4817,-3.4375
4818,-2.8125
4819,-4.375
4820,-2.5
4821,-2.5
4822,-1.875
4823,-1.875
4824,-1.875
4825,-1.875
4826,-5.3125
4827,-3.4375
4828,-2.8125
4829,-2.5
4830,-2.1875
4831,-3.125
4832,-3.125
4833,-4.6875
4834,-2.5
4835,-2.8125
4836,-4.375
4837,-2.5
4838,-3.125
4839,-3.4375
4840,-2.8125
4841,-2.5
4842,-3.75
4843,-2.5
4844,-1.875
4845,-3.75
4846,-2.5
4847,-3.125
4848,-2.1875
4849,-0.3125
4850,-2.5
4851,-3.75
4852,-3.125
4853,-5.0
4854,-3.125
4855,-2.5
4856,-1.25
4857,-2.1875
4858,-1.5625
4859,-3.4375
4860,-3.75
4861,-3.4375
4862,-3.4375
4863,-3.75
4864,-2.5
4865,-3.125
4866,-2.8125
4867,-1.875
4868,-2.1875
4869,-3.125
4870,-3.125
4871,-4.0625
4872,-2.5
4873,-4.0625
4874,-3.4375
4875,-1.875
4876,-3.4375
4877,-2.5
4878,-3.75
4879,-2.5
4880,-3.125
4881,-1.25
4882,-2.1875
4883,-1.875
4884,-2.1875
4885,-3.75
4886,-2.5
4887,-2.1875
4888,-3.4375
4889,-1.5625
4890,-3.125
4891,-3.75
4892,-5.3125
4893,-0.0
4894,-3.125
4895,-2.1875
4896,-7.5
4897,-2.5
4898,-2.5
4899,-5.3125
4900,-1.875
4901,-1.875
4902,-3.75
4903,-2.5
4904,-4.375
4905,-2.1875
4906,-3.125
4907,-2.8125
4908,-2.8125
4909,-3.4375
4910,-2.5
4911,-0.9375
4912,-3.125
4913,-2.8125
4914,-3.4375
4915,-1.25
4916,-1.5625
4917,-1.5625
4918,-3.125
4919,-2.5
4920,-3.75
4921,-3.125
4922,-2.5
4923,-2.5
4924,-2.5
4925,-3.125
4926,-3.4375
4927,-3.125
4928,-2.1875
4929,-2.1875
4930,-2.8125
4931,-1.5625
4932,-2.8125
4933,-2.1875
4934,-3.125
4935,-2.1875
4936,-3.4375
4937,-0.0
4938,-2.8125
4939,-3.75
4940,-2.8125
4941,-3.4375
4942,-2.5
4943,-3.125
4944,-2.1875
4945,-1.875
4946,-1.875
4947,-3.75
4948,-3.4375
4949,-1.875
4950,-2.5
4951,-2.1875
4952,-3.4375
4953,-3.125
4954,-0.0
4955,-4.6875
4956,-2.1875
4957,-3.4375
4958,-11.5625
4959,-2.8125
4960,-3.4375
4961,-2.1875
4962,-1.875
4963,-1.5625
4964,-3.4375
4965,-3.4375
4966,-2.5
4967,-2.8125
4968,-3.125
4969,-2.5
4970,-3.75
4971,-2.1875
4972,-3.125
4973,-2.5
4974,-3.125
4975,-4.6875
4976,-1.5625
4977,-3.125
4978,-3.125
4979,-2.1875
4980,-1.875
4981,-3.75
4982,-2.8125
4983,-2.1875
4984,-3.4375
4985,-0.9375
4986,-1.875
4987,-3.4375
4988,-3.125
4989,-3.4375
4990,-4.0625
4991,-3.125
4992,-1.875
4993,-2.5
4994,-2.1875
4995,-2.1875
4996,-3.4375
4997,-2.1875
4998,-1.875
4999,-3.4375
5000,-2.8125
5001,-3.125
5002,-2.5
5003,-2.8125
5004,-2.5
5005,-3.125
5006,-3.125
5007,-4.0625
5008,-0.625
5009,-3.125
5010,-1.875
5011,-2.8125
5012,-1.5625
5013,-2.8125
5014,-2.1875
5015,-3.4375
5016,-2.8125
5017,-2.5
5018,-2.5
5019,-1.5625
5020,-3.75
5021,-3.4375
5022,-3.4375
5023,-3.125
5024,-2.5
5025,-2.1875
5026,-4.0625
5027,-3.125
5028,-1.875
5029,-3.4375
5030,-2.1875
5031,-3.4375
5032,-3.125
5033,-2.8125
5034,-4.0625
5035,-2.1875
5036,-2.5
5037,-0.625
5038,-3.125
5039,-3.4375
5040,-1.875
5041,-3.125
5042,-1.875
5043,-2.8125
5044,-3.4375
5045,-3.125
5046,-3.125
5047,-2.5
5048,-3.125
5049,-2.8125
5050,-2.8125
5051,-3.4375
5052,-1.875
5053,-1.875
5054,-1.875
5055,-3.4375
5056,-2.1875
5057,-3.4375
5058,-1.875
5059,-1.875
5060,-2.1875
5061,-2.8125
5062,-3.75
5063,-3.125
5064,-2.5
5065,-2.1875
5066,-2.1875
5067,-2.5
5068,-3.75
5069,-1.875
5070,-3.4375
5071,-3.125
5072,-1.5625
5073,-2.8125
5074,-3.125
5075,-2.1875
5076,-1.25
5077,-3.4375
5078,-2.5
5079,-3.125
5080,-5.625
5081,-2.5
5082,-1.875
5083,-3.125
5084,-1.5625
5085,-2.8125
5086,-2.5
5087,-1.875
5088,-1.25
5089,-2.5
5090,-1.875
5091,-1.875
5092,-3.4375
5093,-2.8125
5094,-3.4375
5095,-2.1875
5096,-1.875
5097,-2.5
5098,-3.125
5099,-2.1875
5100,-1.25
5101,-1.875
5102,-1.5625
5103,-2.8125
5104,-1.5625
5105,-1.5625
5106,-3.75
5107,-2.5
5108,-3.75
5109,-3.75
5110,-2.8125
5111,-3.4375
5112,-2.1875
5113,-1.875
5114,-3.4375
5115,-2.1875
5116,-2.8125
5117,-2.5
5118,-3.4375
5119,-4.0625
5120,-1.5625
5121,-1.875
5122,-1.5625
5123,-2.1875
5124,-2.8125
5125,-1.5625
5126,-2.5
5127,-3.75
5128,-1.25
5129,-3.125
5130,-1.875
5131,-2.5
5132,-3.75
5133,-3.75
5134,-1.5625
5135,-3.125
5136,-3.125
5137,-3.125
5138,-2.1875
5139,-2.5
5140,-2.8125
5141,-3.125
5142,-2.1875
5143,-2.5
5144,-2.1875
5145,-3.125
5146,-3.4375
5147,-2.1875
5148,-2.8125
5149,-2.8125
5150,-2.8125
5151,-1.875
5152,-3.125
5153,-3.125
5154,-2.8125
5155,-3.4375
5156,-1.875
5157,-2.8125
5158,-1.5625
5159,-2.5
5160,-3.4375
5161,-2.5
5162,-3.125
5163,-3.4375
5164,-1.875
5165,-2.8125
5166,-2.8125
5167,-2.1875
5168,-3.75
5169,-3.125
5170,-2.5
5171,-1.875
5172,-3.125
5173,-2.1875
5174,-2.5
5175,-4.0625
5176,-2.8125
5177,-3.125
5178,-2.1875
5179,-3.75
5180,-3.125
5181,-2.8125
5182,-0.9375
5183,-3.4375
5184,-2.1875
5185,-3.125
5186,-2.5
5187,-0.0
5188,-3.125
5189,-3.125
5190,-1.875
5191,-5.0
5192,-2.8125
5193,-2.5
5194,-3.75
5195,-1.5625
5196,-2.1875
5197,-2.1875
5198,-1.5625
5199,-2.5
5200,-0.0
5201,-2.1875
5202,-1.5625
5203,-2.1875
5204,-3.125
5205,-3.4375
5206,-5.625
5207,-2.1875
5208,-2.8125
5209,-2.5
5210,-1.875
5211,-3.125
5212,-3.125
5213,-4.375
5214,-3.125
5215,-3.125
5216,-2.5
5217,-1.875
5218,-2.5
5219,-3.4375
5220,-2.5
5221,-0.9375
5222,-2.5
5223,-2.5
5224,-3.125
5225,-2.8125
5226,-1.875
5227,-4.6875
5228,-1.5625
5229,-1.875
5230,-1.25
5231,-1.25
5232,-2.5
5233,-3.4375
5234,-5.0
5235,-4.6875
5236,-1.875
5237,-1.5625
5238,-2.1875
5239,-1.25
5240,-2.1875
5241,-5.0
5242,-2.1875
5243,-2.8125
5244,-2.5
5245,-3.125
5246,-1.875
5247,-3.125
5248,-0.9375
5249,-2.1875
5250,-2.5
5251,-2.1875
5252,-3.125
5253,-2.1875
5254,-0.0
5255,-3.125
5256,-8.125
5257,-2.8125
5258,-1.875
5259,-2.5
5260,-0.3125
5261,-0.0
5262,-3.125
5263,-1.875
5264,-0.625
5265,-4.0625
5266,-0.0
5267,-3.4375
5268,-0.3125
5269,-1.875
5270,-4.0625
5271,-1.875
5272,-2.1875
5273,-2.5
5274,-0.0
5275,-0.0
5276,-1.25
5277,-9.0625
5278,-4.0625
5279,-0.0
5280,-0.625
5281,-0.625
5282,-5.9375
5283,-2.5
5284,-0.9375
5285,-3.125
5286,-0.9375
5287,-1.875
5288,-1.25
5289,-3.125
5290,-1.875
5291,-2.5
5292,-3.125
5293,-2.8125
5294,-4.0625
5295,-2.5
5296,-2.1875
5297,-3.75
5298,-2.1875
5299,-0.9375
5300,-2.1875
5301,-2.1875
5302,-1.875
5303,-0.0
